-- phpMyAdmin SQL Dump
-- version 4.5.1
-- http://www.phpmyadmin.net
--
-- Host: 127.0.0.1
-- Generation Time: Apr 10, 2016 at 09:59 PM
-- Server version: 10.1.10-MariaDB
-- PHP Version: 7.0.3

SET SQL_MODE = "NO_AUTO_VALUE_ON_ZERO";
SET time_zone = "+00:00";


/*!40101 SET @OLD_CHARACTER_SET_CLIENT=@@CHARACTER_SET_CLIENT */;
/*!40101 SET @OLD_CHARACTER_SET_RESULTS=@@CHARACTER_SET_RESULTS */;
/*!40101 SET @OLD_COLLATION_CONNECTION=@@COLLATION_CONNECTION */;
/*!40101 SET NAMES utf8mb4 */;

--
-- Database: `stellarwind`
--

-- --------------------------------------------------------

--
-- Table structure for table `artists`
--

CREATE TABLE `artists` (
  `artist_id` int(11) NOT NULL,
  `name` varchar(100) NOT NULL,
  `add_info` text
) ENGINE=InnoDB DEFAULT CHARSET=utf8;

--
-- Dumping data for table `artists`
--

INSERT INTO `artists` (`artist_id`, `name`, `add_info`) VALUES
(1, 'David Bowie', 'Music Legend'),
(2, 'Depeche Mode', 'Uk cult synthpop band'),
(3, 'Nine Inch Nails', 'US controversial band '),
(4, 'Max Richter', 'Composer'),
(5, 'Jack White', 'Owner of Third Man Records'),
(6, 'Alessandro Cortini', 'Multinstrumentalist from Italy'),
(7, 'The White Stripes', 'Jack White and Magie White band'),
(8, 'Joy Division', 'cult band'),
(9, 'Massive Attack', 'UK'),
(10, 'DJ Moldava', 'Best of CCCR Electro'),
(11, 'Guns n'' Roses', 'Axel Rose + Slash'),
(12, 'Tupac Shakur', ''),
(13, 'Black Sabbath', 'Ozzy Osbourne and somebody'),
(14, 'The Beatles', 'Lennon, Ringo...'),
(15, 'Eminem', 'Slim Shady'),
(16, 'Elton John', ''),
(17, 'RadioHead', ''),
(18, 'AC/DC', ''),
(19, 'Metallica', ''),
(20, 'Aerosmiths', ''),
(21, 'Nirvana', ''),
(22, 'Eric Clapton', ''),
(23, 'Pink Floyd', ''),
(24, 'The Doors', ''),
(25, 'Simon and Garfunkel', ''),
(26, 'John Lennon', 'beatles member'),
(27, 'Michael Jacson', 'king of pop'),
(28, 'Johny Cash', ''),
(29, 'Elvis Presley', ''),
(30, 'The Who', ''),
(31, 'The Clash', ''),
(32, 'Prince', ''),
(33, 'U2', 'Bono'),
(34, 'The Ramones', ''),
(35, 'Bob Dylan', ''),
(36, 'Stevie Wonder', ''),
(37, 'Led Zeppelin', ''),
(38, 'Bob Marley', ''),
(39, 'Ray Charles', ''),
(40, 'Jimi Hendrix', 'left handed guitarist'),
(41, 'Chuck Berry', ''),
(42, 'The Rolling Stones', ''),
(43, 'John Murphy', ''),
(44, 'Hans Zimmer', 'movie composer'),
(45, 'Red Hot Chille Peppers', 'Ca');

-- --------------------------------------------------------

--
-- Table structure for table `employee`
--

CREATE TABLE `employee` (
  `employee_id` int(11) NOT NULL,
  `name` varchar(50) NOT NULL,
  `surname` varchar(50) NOT NULL,
  `login` varchar(50) NOT NULL,
  `password` varchar(50) NOT NULL,
  `position_id` int(11) NOT NULL,
  `shop_id` int(11) NOT NULL,
  `board` date NOT NULL,
  `age` int(11) DEFAULT NULL,
  `add_info` text
) ENGINE=InnoDB DEFAULT CHARSET=utf8;

--
-- Dumping data for table `employee`
--

INSERT INTO `employee` (`employee_id`, `name`, `surname`, `login`, `password`, `position_id`, `shop_id`, `board`, `age`, `add_info`) VALUES
(1, 'Slavomír', 'Borcha', 'slavbor45', '4950515253', 2, 2, '2015-02-18', 22, 'Vyškolený drevorubač'),
(2, 'Michal', 'Novák', 'michnov10', '979899100101', 3, 2, '2014-03-01', 35, NULL),
(3, 'Simona', 'Horvátová', 'simhor1', '113101122505354', 2, 2, '2014-07-01', 18, 'Polovičný úvazok'),
(4, 'Patrik', 'Dubovsky', 'admin', '97100109105110', 1, 1, '2014-03-01', NULL, 'CEO'),
(5, 'Dávid', 'Máčaj', 'davmaj12', '119117098098097050', 2, 2, '2014-03-01', NULL, NULL),
(8, 'Lucia', 'Rusniaková', 'lucrus46', '104101115108111', 3, 3, '2014-03-01', NULL, NULL),
(9, 'Patrícia', 'Konečná', 'patkon37', '104101115108111', 2, 3, '2014-03-01', NULL, NULL),
(10, 'Juraj', 'Jarík', 'jurjar62', '104101115108111', 2, 3, '2015-05-24', NULL, NULL),
(11, 'Rick', 'Sanchez', 'ricksanch00', '104101115108111', 3, 1, '2014-03-01', NULL, 'Wubba lubba dub-dub!'),
(12, 'Július', 'Cézar', 'julcez54', '104101115108111', 2, 1, '2014-02-01', NULL, NULL),
(13, 'Natalia', 'Kollárová', 'natkol22', '104101115108111', 2, 1, '2016-01-01', NULL, NULL),
(14, 'Dušan', 'Dušnatý', 'dusdus71', '104101115108111', 4, 1, '2014-03-01', 35, NULL),
(15, 'Jaroslav', 'Jarnatý', 'jarjar66', '104101115108111', 2, 1, '2016-01-01', 28, NULL),
(16, 'Lex', 'Luthor', 'lexle33', '104101115108111', 3, 1, '2016-04-12', 42, 'Supermanov nepriatel');

-- --------------------------------------------------------

--
-- Table structure for table `genre`
--

CREATE TABLE `genre` (
  `genre_id` smallint(11) NOT NULL,
  `name` varchar(50) NOT NULL
) ENGINE=InnoDB DEFAULT CHARSET=utf8;

--
-- Dumping data for table `genre`
--

INSERT INTO `genre` (`genre_id`, `name`) VALUES
(1, 'Ambient'),
(2, 'Jazz'),
(3, 'Blues'),
(4, 'Disco'),
(5, 'Chiptune'),
(6, 'Drum and bass'),
(7, 'Electronica'),
(8, 'Electro'),
(9, 'Electronic rock'),
(10, 'Synthpop'),
(11, 'House'),
(12, 'Industrial'),
(13, 'Techno'),
(14, 'Trance'),
(15, 'Folk'),
(16, 'Hip pop'),
(17, 'Rap'),
(18, 'Indie'),
(19, 'RnB'),
(20, 'Funk'),
(21, 'Soul'),
(22, 'Alternative'),
(23, 'Experimental'),
(24, 'Rock'),
(25, 'Hard Rock'),
(26, 'Heavy Metal'),
(27, 'Black Metal'),
(28, 'Death Metal'),
(29, 'Punk'),
(30, 'Swing'),
(31, 'Country'),
(32, 'Reggae'),
(33, 'Ska'),
(34, 'Dubstep'),
(35, 'New wave'),
(36, 'Grunge'),
(37, 'Classical'),
(38, 'Alternative Rock'),
(39, 'Garage Rock'),
(44, 'Moldavian technO');

-- --------------------------------------------------------

--
-- Table structure for table `label`
--

CREATE TABLE `label` (
  `label_id` smallint(11) NOT NULL,
  `name` varchar(50) NOT NULL,
  `founded` year(4) DEFAULT NULL,
  `location` varchar(50) DEFAULT NULL,
  `website` varchar(70) DEFAULT NULL
) ENGINE=InnoDB DEFAULT CHARSET=utf8;

--
-- Dumping data for table `label`
--

INSERT INTO `label` (`label_id`, `name`, `founded`, `location`, `website`) VALUES
(1, 'Warner Bros. Records', 1958, 'Burbank', 'www.warnerbrosrecords.com'),
(2, 'Def Jam Recordings', 1983, 'New York City', 'www.defjam.com'),
(3, 'Aftermath Entertainment', 1996, 'Santa Monica', 'www.aftermathmusic.com'),
(4, 'Epic Records', 1953, 'New York City', 'www.epicrecords.com'),
(5, 'Atlantic Records', 1947, NULL, 'www.atlanticrecords.com'),
(6, 'Columbia Records', NULL, 'New York City', 'columbiarecords.com'),
(7, 'Nothing Records', 1992, 'New Orleans', 'www.nothingrecords.com'),
(8, 'The Null Corporation', 2008, 'LA', 'www.nullco.com'),
(9, 'Sony Music Entertainment', 1929, 'New York City', 'www.sonymusic.com'),
(10, 'RCA Records', 1901, 'New York City', 'www.rcarecords.com'),
(11, 'Interscope Records', 1989, 'Santa Monica', 'www.interscope.com'),
(12, 'Epitaph Records', 1980, 'Holywood', 'www.epitaph.com'),
(13, 'Third Man Records', 2001, 'Nashville', 'www.thirdmanrecords.com/'),
(14, 'Mute Records', 1978, 'London', 'www.mute.com/'),
(20, 'CCCR SovietTunes', 1986, 'Moscow', 'cccrtechno.ru');

-- --------------------------------------------------------

--
-- Table structure for table `position`
--

CREATE TABLE `position` (
  `position_id` int(11) NOT NULL,
  `post` varchar(50) NOT NULL
) ENGINE=InnoDB DEFAULT CHARSET=utf8;

--
-- Dumping data for table `position`
--

INSERT INTO `position` (`position_id`, `post`) VALUES
(1, 'riaditeľ'),
(2, 'predavač'),
(3, 'vedúci prevádzky'),
(4, 'účtovník');

-- --------------------------------------------------------

--
-- Table structure for table `shops`
--

CREATE TABLE `shops` (
  `shop_id` int(11) NOT NULL,
  `city` varchar(50) NOT NULL,
  `address` varchar(50) NOT NULL,
  `postcode` int(11) DEFAULT NULL
) ENGINE=InnoDB DEFAULT CHARSET=utf8;

--
-- Dumping data for table `shops`
--

INSERT INTO `shops` (`shop_id`, `city`, `address`, `postcode`) VALUES
(1, 'Bratislava', 'Kolárska 469/13', 81106),
(2, 'Nitra', 'Štefánikova trieda 57/22', 94901),
(3, 'Levice', 'Pionierska 6', 93401);

-- --------------------------------------------------------

--
-- Table structure for table `shops_vinyls`
--

CREATE TABLE `shops_vinyls` (
  `shops_vinyls_id` int(11) NOT NULL,
  `shop_id` int(11) NOT NULL,
  `vinyl_id` int(11) NOT NULL,
  `num_of_vinyls` smallint(6) NOT NULL
) ENGINE=InnoDB DEFAULT CHARSET=utf8;

--
-- Dumping data for table `shops_vinyls`
--

INSERT INTO `shops_vinyls` (`shops_vinyls_id`, `shop_id`, `vinyl_id`, `num_of_vinyls`) VALUES
(1, 1, 4, 3),
(2, 2, 4, 1),
(3, 3, 4, 7),
(4, 2, 3, 1),
(5, 1, 3, 10),
(6, 1, 13, 7),
(8, 1, 12, 3),
(10, 1, 7, 8),
(11, 3, 6, 13),
(12, 1, 5, 1),
(13, 1, 8, 1),
(14, 1, 2, 1),
(15, 1, 16, 8),
(16, 1, 14, 4),
(17, 1, 15, 3),
(18, 1, 1, 2),
(19, 1, 6, 9),
(20, 1, 11, 13),
(21, 1, 10, 1),
(22, 3, 12, 3),
(23, 2, 7, 3),
(26, 3, 1, 15),
(27, 2, 17, 9),
(28, 1, 48, 3),
(29, 2, 17, 8),
(30, 3, 28, 7),
(31, 2, 26, 10),
(32, 1, 58, 9),
(33, 2, 20, 2),
(34, 2, 60, 8),
(35, 1, 21, 2),
(36, 2, 24, 10),
(37, 1, 52, 3),
(38, 1, 42, 10),
(39, 2, 6, 4),
(40, 3, 51, 10),
(41, 1, 60, 10),
(42, 3, 8, 3),
(43, 2, 13, 1),
(44, 1, 41, 3),
(45, 3, 48, 3),
(46, 3, 42, 1),
(47, 1, 28, 3),
(48, 1, 54, 3),
(49, 2, 53, 4),
(50, 2, 53, 4),
(51, 2, 18, 9),
(52, 3, 40, 7),
(53, 1, 29, 7),
(54, 2, 1, 6),
(55, 1, 53, 3),
(56, 3, 36, 6),
(57, 1, 7, 8),
(58, 2, 33, 2),
(59, 1, 29, 6),
(60, 3, 40, 3),
(61, 1, 57, 7),
(62, 3, 46, 5),
(63, 3, 46, 6),
(64, 1, 59, 7),
(65, 1, 14, 2),
(66, 1, 27, 8),
(67, 3, 1, 8),
(68, 1, 13, 5),
(69, 2, 60, 2),
(70, 1, 13, 10),
(71, 2, 22, 1),
(72, 2, 15, 7),
(73, 2, 30, 3),
(74, 1, 39, 3),
(75, 3, 56, 8),
(76, 3, 54, 8),
(77, 2, 63, 6),
(78, 3, 24, 3),
(79, 3, 22, 5),
(80, 3, 7, 9),
(81, 1, 32, 8),
(82, 3, 1, 7),
(83, 2, 35, 3),
(84, 3, 4, 4),
(85, 2, 18, 4),
(86, 2, 29, 8),
(87, 3, 4, 6),
(88, 1, 55, 9),
(89, 3, 19, 9),
(90, 3, 49, 9),
(91, 2, 37, 2),
(92, 3, 6, 9),
(93, 3, 22, 3),
(94, 2, 51, 3),
(95, 3, 56, 2),
(96, 2, 6, 7),
(97, 3, 6, 2),
(98, 3, 34, 5),
(99, 1, 47, 3),
(100, 1, 5, 7),
(101, 3, 16, 8),
(102, 2, 31, 6),
(103, 3, 8, 7),
(104, 1, 39, 5),
(105, 1, 44, 8),
(106, 3, 11, 6),
(107, 2, 33, 2),
(108, 2, 43, 8),
(109, 3, 63, 3),
(110, 3, 62, 7),
(111, 1, 10, 3),
(112, 2, 29, 6),
(113, 3, 55, 1),
(114, 2, 19, 3),
(115, 1, 35, 7),
(116, 2, 27, 10),
(117, 3, 38, 6),
(118, 1, 29, 4),
(119, 1, 54, 7),
(120, 1, 30, 6),
(121, 3, 7, 8),
(122, 1, 16, 9),
(123, 1, 17, 4),
(124, 3, 19, 8),
(125, 3, 34, 1),
(126, 3, 21, 2),
(127, 3, 24, 5),
(128, 2, 55, 8),
(129, 1, 26, 2),
(130, 2, 61, 5),
(131, 1, 29, 3),
(132, 2, 10, 1),
(133, 2, 43, 2),
(134, 3, 21, 8),
(135, 1, 27, 6),
(136, 3, 16, 7),
(137, 2, 25, 8),
(138, 3, 11, 6),
(139, 3, 6, 4),
(140, 2, 23, 1),
(141, 3, 35, 1),
(142, 3, 47, 7),
(143, 3, 34, 10),
(144, 2, 48, 6),
(145, 3, 34, 6),
(146, 3, 43, 3),
(147, 3, 4, 7),
(148, 2, 12, 4),
(149, 2, 18, 10),
(150, 2, 23, 10),
(151, 2, 64, 10),
(152, 2, 42, 10),
(153, 1, 50, 3),
(154, 2, 47, 1),
(155, 1, 12, 10),
(156, 3, 33, 10),
(157, 1, 53, 2),
(158, 2, 35, 3),
(159, 3, 60, 2),
(160, 1, 1, 10),
(161, 2, 4, 7),
(162, 3, 58, 9),
(163, 1, 14, 6),
(164, 1, 51, 7),
(165, 3, 41, 9),
(166, 1, 4, 1),
(167, 3, 50, 8),
(169, 3, 30, 9),
(170, 3, 23, 2),
(171, 2, 63, 4),
(172, 3, 13, 8),
(173, 1, 15, 7),
(174, 1, 45, 1),
(175, 2, 60, 10),
(176, 3, 1, 5),
(177, 2, 7, 9),
(178, 3, 6, 4),
(179, 2, 26, 4),
(180, 2, 63, 9),
(181, 3, 45, 5),
(182, 1, 64, 5),
(183, 2, 33, 5),
(184, 2, 14, 3),
(185, 2, 58, 7),
(186, 3, 53, 6),
(187, 1, 45, 4),
(188, 2, 33, 8),
(189, 3, 46, 5),
(190, 1, 13, 8),
(191, 3, 12, 10),
(192, 1, 50, 6),
(193, 1, 29, 7),
(194, 1, 48, 5),
(195, 2, 62, 7),
(196, 2, 27, 3),
(197, 2, 27, 7),
(198, 2, 15, 8),
(199, 3, 15, 6),
(200, 1, 12, 2),
(201, 3, 10, 9),
(202, 1, 18, 8),
(203, 1, 24, 6),
(204, 1, 25, 9),
(205, 3, 30, 8),
(206, 2, 20, 8),
(207, 1, 24, 5),
(208, 2, 22, 2),
(209, 2, 10, 9),
(210, 1, 60, 9),
(211, 3, 4, 1),
(212, 3, 39, 3),
(213, 1, 7, 8),
(214, 1, 27, 1),
(215, 3, 17, 8),
(216, 2, 36, 6),
(217, 2, 63, 2),
(218, 2, 44, 2),
(219, 3, 25, 10),
(220, 2, 58, 8),
(221, 2, 56, 3),
(222, 1, 63, 6),
(223, 3, 43, 3),
(224, 3, 30, 7),
(225, 2, 40, 10),
(226, 2, 24, 3),
(227, 1, 52, 7),
(228, 1, 29, 6),
(229, 1, 31, 1),
(230, 3, 23, 8),
(231, 2, 27, 8),
(232, 1, 52, 3),
(233, 3, 34, 8),
(234, 3, 41, 8),
(235, 1, 61, 8),
(236, 1, 23, 4),
(237, 2, 7, 2),
(238, 2, 37, 10),
(239, 2, 11, 7),
(240, 3, 6, 10),
(241, 3, 52, 2),
(242, 1, 59, 2),
(243, 2, 31, 7),
(244, 2, 36, 6),
(245, 2, 2, 5),
(246, 2, 61, 10),
(247, 3, 37, 3),
(248, 2, 20, 9),
(249, 3, 21, 8),
(250, 2, 62, 1),
(251, 3, 10, 9),
(252, 1, 51, 5),
(253, 1, 39, 8),
(254, 1, 58, 2),
(255, 1, 44, 7),
(256, 2, 20, 1),
(257, 2, 16, 3),
(258, 2, 25, 6),
(259, 3, 40, 8),
(260, 2, 51, 5),
(261, 1, 37, 8),
(262, 2, 38, 9),
(263, 1, 30, 5),
(264, 3, 26, 9),
(265, 2, 17, 8),
(266, 3, 45, 1),
(267, 3, 27, 8),
(268, 3, 37, 1),
(269, 2, 48, 7),
(270, 1, 52, 10),
(271, 3, 43, 10),
(272, 3, 37, 4),
(273, 3, 21, 1),
(274, 3, 33, 4),
(275, 3, 44, 9),
(276, 2, 1, 2),
(277, 2, 1, 4),
(278, 2, 45, 6),
(279, 1, 52, 4),
(280, 2, 52, 2),
(281, 2, 5, 9),
(282, 1, 7, 10),
(283, 2, 8, 9),
(284, 3, 23, 2),
(285, 2, 48, 2),
(286, 1, 48, 4),
(287, 2, 27, 6),
(288, 2, 13, 8),
(289, 2, 48, 9),
(290, 1, 14, 4),
(291, 2, 46, 3),
(292, 1, 13, 2),
(293, 1, 29, 8),
(294, 1, 36, 7),
(295, 1, 39, 5),
(296, 3, 8, 3),
(297, 1, 57, 7),
(298, 3, 10, 7),
(299, 2, 35, 3),
(300, 3, 16, 9),
(301, 3, 58, 2),
(302, 1, 55, 8),
(303, 1, 38, 4),
(304, 2, 5, 7),
(305, 2, 20, 8),
(306, 1, 10, 5),
(307, 2, 30, 8),
(308, 2, 42, 5),
(309, 1, 31, 5),
(310, 2, 25, 1),
(311, 2, 51, 10),
(312, 2, 49, 10),
(313, 1, 7, 5),
(314, 1, 7, 5),
(315, 1, 61, 9),
(316, 2, 10, 6),
(317, 2, 64, 9),
(318, 3, 2, 10),
(319, 1, 54, 6),
(320, 1, 44, 3),
(321, 3, 53, 6),
(322, 2, 28, 6),
(323, 1, 39, 3),
(324, 3, 41, 3),
(325, 2, 46, 6),
(326, 3, 44, 7),
(327, 2, 2, 10),
(328, 3, 3, 4),
(329, 1, 37, 2),
(330, 2, 28, 10),
(331, 1, 3, 7),
(332, 1, 38, 6),
(333, 2, 60, 9),
(334, 2, 32, 3),
(335, 3, 54, 10),
(336, 2, 16, 1),
(337, 3, 31, 9),
(338, 2, 42, 1),
(339, 2, 20, 7),
(340, 3, 4, 6),
(341, 1, 40, 8),
(342, 2, 50, 7),
(343, 3, 52, 6),
(344, 3, 34, 4),
(345, 2, 59, 10),
(346, 1, 58, 7),
(347, 2, 41, 5),
(348, 1, 29, 1),
(349, 2, 48, 10),
(350, 2, 24, 6),
(351, 1, 32, 4),
(352, 2, 20, 2),
(353, 1, 14, 5),
(355, 2, 61, 5),
(356, 1, 41, 9),
(357, 1, 39, 1),
(358, 2, 41, 3),
(359, 2, 51, 5),
(360, 3, 42, 8),
(361, 1, 7, 5),
(362, 1, 2, 8),
(363, 3, 31, 2),
(364, 1, 16, 5),
(365, 1, 49, 5),
(366, 3, 49, 4),
(367, 1, 22, 7),
(368, 1, 26, 7),
(369, 2, 35, 6),
(370, 1, 31, 9),
(371, 2, 13, 5),
(372, 3, 5, 5),
(373, 1, 15, 6),
(374, 1, 62, 9),
(375, 3, 24, 1),
(376, 1, 33, 13),
(377, 3, 28, 2),
(378, 2, 44, 10),
(379, 1, 29, 7),
(380, 3, 36, 9),
(381, 3, 64, 1),
(382, 1, 53, 1),
(383, 3, 25, 1),
(384, 3, 1, 8),
(385, 3, 36, 3),
(386, 1, 17, 7),
(387, 1, 12, 9),
(388, 3, 55, 7),
(389, 3, 11, 8),
(390, 3, 1, 2),
(391, 1, 4, 8),
(392, 1, 20, 10),
(393, 2, 64, 8),
(394, 1, 13, 5),
(395, 1, 22, 10),
(396, 2, 2, 1),
(397, 3, 4, 3),
(398, 1, 54, 7),
(399, 1, 37, 1),
(400, 1, 58, 10),
(401, 3, 46, 4),
(402, 1, 49, 10),
(403, 3, 16, 10),
(404, 3, 14, 5),
(405, 1, 10, 2),
(406, 1, 48, 7),
(407, 2, 42, 2),
(408, 1, 22, 8),
(409, 2, 16, 2),
(410, 2, 27, 5),
(411, 3, 28, 2),
(412, 1, 41, 6),
(413, 3, 49, 6),
(414, 3, 44, 5),
(415, 3, 13, 6),
(416, 2, 21, 2),
(417, 1, 1, 1),
(418, 2, 27, 9),
(419, 1, 1, 4),
(420, 2, 61, 6),
(421, 3, 7, 2),
(422, 2, 8, 1),
(423, 3, 18, 5),
(424, 3, 17, 8),
(425, 3, 22, 3),
(426, 1, 40, 6),
(427, 3, 43, 5),
(428, 3, 55, 2),
(429, 1, 37, 9),
(430, 3, 19, 6),
(431, 1, 54, 9),
(432, 2, 60, 3),
(433, 2, 33, 1),
(434, 3, 6, 6),
(435, 2, 24, 5),
(436, 1, 2, 3),
(437, 1, 10, 1),
(438, 3, 30, 6),
(439, 1, 60, 9),
(440, 1, 23, 3),
(441, 2, 1, 2),
(442, 2, 14, 1),
(443, 2, 39, 3),
(444, 3, 20, 7),
(445, 3, 47, 9),
(446, 3, 25, 10),
(447, 2, 8, 2),
(448, 2, 26, 1),
(449, 1, 11, 10),
(450, 2, 6, 2),
(451, 3, 13, 4),
(452, 2, 17, 10),
(453, 1, 24, 3),
(454, 1, 55, 5),
(455, 3, 23, 1),
(456, 1, 55, 9),
(457, 2, 40, 1),
(458, 3, 38, 8),
(459, 2, 49, 5),
(460, 2, 56, 10),
(461, 3, 39, 5),
(462, 1, 41, 9),
(463, 3, 10, 8),
(464, 1, 3, 1),
(465, 2, 35, 3),
(466, 2, 25, 9),
(467, 1, 53, 10),
(468, 2, 46, 4),
(469, 2, 44, 4),
(470, 1, 14, 5),
(471, 1, 11, 1),
(472, 3, 60, 7),
(473, 1, 36, 4),
(474, 2, 60, 7),
(475, 3, 22, 9),
(476, 3, 11, 4),
(477, 3, 36, 5),
(478, 1, 58, 9),
(479, 1, 15, 1),
(480, 1, 57, 4),
(481, 1, 42, 8),
(482, 1, 12, 3),
(483, 2, 49, 8),
(484, 1, 39, 3),
(485, 1, 5, 8),
(486, 3, 43, 4),
(487, 1, 36, 7),
(488, 2, 47, 7),
(489, 1, 42, 8),
(490, 2, 48, 9),
(491, 1, 54, 6),
(492, 3, 53, 7),
(493, 3, 50, 9),
(494, 2, 29, 7),
(495, 3, 53, 9),
(496, 3, 58, 5),
(497, 2, 64, 9),
(498, 2, 38, 5),
(499, 3, 13, 1),
(500, 1, 56, 2),
(501, 3, 47, 3),
(502, 1, 15, 4),
(503, 3, 5, 9),
(504, 1, 63, 10),
(505, 3, 22, 6),
(506, 2, 25, 1),
(507, 3, 40, 1),
(508, 3, 7, 10),
(510, 3, 22, 9),
(511, 1, 11, 6),
(512, 3, 45, 5),
(513, 2, 6, 5),
(514, 2, 7, 7),
(515, 3, 25, 9),
(516, 3, 51, 6),
(517, 1, 6, 1),
(518, 2, 56, 3),
(519, 2, 8, 1),
(520, 3, 8, 9),
(521, 3, 14, 8),
(522, 3, 31, 10),
(523, 1, 33, 13),
(524, 1, 32, 10),
(525, 2, 15, 2),
(526, 3, 12, 5),
(527, 1, 2, 7),
(528, 3, 59, 10),
(529, 3, 28, 4);

-- --------------------------------------------------------

--
-- Table structure for table `sold_vinyls`
--

CREATE TABLE `sold_vinyls` (
  `sold_vinyl_id` int(11) NOT NULL,
  `vinyl_id` int(11) NOT NULL,
  `employee_id` int(11) NOT NULL,
  `shop_id` int(11) NOT NULL,
  `num_of_sold` smallint(6) NOT NULL,
  `date` date NOT NULL
) ENGINE=InnoDB DEFAULT CHARSET=utf8;

--
-- Dumping data for table `sold_vinyls`
--

INSERT INTO `sold_vinyls` (`sold_vinyl_id`, `vinyl_id`, `employee_id`, `shop_id`, `num_of_sold`, `date`) VALUES
(1, 4, 1, 1, 2, '2016-02-17'),
(2, 3, 14, 1, 1, '2016-03-30'),
(3, 4, 14, 1, 2, '2016-03-30'),
(4, 7, 14, 1, 5, '2016-03-30'),
(5, 2, 14, 1, 1, '2016-03-30'),
(6, 15, 14, 1, 3, '2016-03-30'),
(7, 4, 14, 1, 2, '2016-03-30'),
(8, 1, 14, 1, 6, '2016-03-30'),
(9, 5, 14, 1, 2, '2016-03-30'),
(10, 5, 3, 2, 3, '2016-01-17'),
(11, 3, 13, 2, 6, '2015-11-24'),
(12, 8, 13, 3, 6, '2015-09-20'),
(13, 10, 5, 3, 9, '2015-11-30'),
(14, 14, 10, 2, 9, '2015-05-18'),
(15, 7, 13, 3, 9, '2015-11-11'),
(16, 13, 13, 1, 9, '2016-03-24'),
(17, 2, 13, 1, 2, '2015-11-15'),
(18, 11, 12, 3, 1, '2016-01-24'),
(19, 11, 11, 3, 2, '2016-03-27'),
(20, 8, 14, 1, 5, '2016-03-31'),
(21, 4, 14, 1, 3, '2016-04-01'),
(22, 4, 14, 1, 1, '2016-04-01'),
(23, 5, 4, 1, 2, '2016-04-10'),
(24, 4, 4, 1, 2, '2016-04-10'),
(25, 45, 14, 1, 4, '2015-06-04'),
(26, 44, 5, 3, 1, '2015-04-02'),
(27, 35, 9, 3, 7, '2015-02-28'),
(30, 4, 5, 1, 5, '2014-02-15'),
(32, 35, 5, 1, 10, '2014-03-07'),
(33, 17, 2, 3, 7, '2014-12-04'),
(34, 19, 4, 3, 10, '2015-12-28'),
(35, 19, 1, 2, 3, '2014-09-16'),
(36, 10, 13, 1, 4, '2015-08-23'),
(37, 52, 15, 1, 3, '2014-08-18'),
(38, 22, 12, 1, 1, '2014-02-12'),
(40, 61, 4, 2, 9, '2014-08-18'),
(42, 21, 10, 3, 7, '2015-05-19'),
(43, 32, 13, 2, 9, '2016-06-01'),
(44, 26, 8, 1, 2, '2015-02-21'),
(45, 63, 14, 1, 3, '2016-10-05'),
(48, 4, 5, 3, 7, '2014-06-30'),
(49, 3, 10, 3, 6, '2015-06-17'),
(50, 12, 15, 3, 10, '2016-10-04'),
(52, 30, 5, 2, 6, '2014-08-18'),
(53, 15, 10, 3, 5, '2015-01-20'),
(54, 14, 8, 1, 9, '2015-05-08'),
(55, 20, 5, 1, 1, '2015-02-07'),
(57, 41, 12, 3, 7, '2016-06-20'),
(58, 53, 14, 2, 7, '2015-03-13'),
(59, 31, 3, 2, 4, '2016-02-27'),
(60, 25, 2, 2, 5, '2016-09-25'),
(61, 26, 3, 1, 7, '2014-04-12'),
(62, 27, 5, 1, 7, '2015-04-24'),
(63, 23, 5, 2, 10, '2016-04-12'),
(64, 5, 11, 2, 9, '2015-01-21'),
(65, 60, 15, 2, 9, '2014-07-19'),
(66, 23, 15, 1, 9, '2015-12-01'),
(67, 8, 3, 3, 2, '2014-07-06'),
(69, 48, 13, 3, 8, '2016-11-19'),
(70, 8, 11, 1, 6, '2015-07-05'),
(71, 55, 9, 1, 5, '2015-06-30'),
(72, 19, 1, 3, 2, '2015-09-01'),
(73, 1, 14, 2, 4, '2014-08-23'),
(74, 31, 4, 3, 4, '2015-04-16'),
(75, 11, 15, 2, 2, '2014-07-16'),
(76, 45, 5, 3, 1, '2015-09-15'),
(77, 26, 12, 2, 8, '2014-06-09'),
(78, 51, 11, 3, 1, '2016-10-30'),
(80, 22, 11, 1, 10, '2014-02-26'),
(81, 4, 3, 2, 9, '2015-04-28'),
(82, 11, 4, 3, 4, '2014-04-16'),
(84, 24, 9, 1, 2, '2014-12-18'),
(85, 3, 9, 2, 6, '2016-06-26'),
(86, 49, 9, 3, 5, '2016-02-15'),
(88, 58, 11, 1, 9, '2015-04-13'),
(91, 28, 3, 3, 9, '2016-08-02'),
(92, 62, 15, 2, 2, '2015-12-03'),
(93, 1, 11, 2, 7, '2015-11-14'),
(94, 58, 10, 2, 1, '2016-11-30'),
(96, 52, 15, 3, 5, '2015-04-18'),
(97, 52, 13, 1, 3, '2015-08-07'),
(98, 51, 10, 3, 8, '2014-10-11'),
(99, 16, 5, 2, 10, '2015-02-22'),
(100, 3, 1, 2, 2, '2016-06-08'),
(101, 11, 8, 1, 1, '2015-01-07'),
(102, 17, 12, 3, 9, '2014-07-15'),
(103, 14, 12, 3, 3, '2015-06-14'),
(104, 14, 2, 2, 2, '2015-01-14'),
(105, 23, 9, 3, 1, '2015-07-21'),
(106, 13, 8, 2, 6, '2015-04-10'),
(107, 28, 14, 1, 3, '2015-03-02'),
(110, 40, 10, 3, 6, '2014-08-24'),
(111, 57, 5, 1, 4, '2015-01-12'),
(113, 31, 10, 3, 8, '2016-11-18'),
(114, 26, 10, 2, 2, '2014-05-23'),
(115, 3, 12, 3, 7, '2015-07-31'),
(116, 14, 8, 1, 4, '2016-02-18'),
(117, 18, 2, 1, 3, '2016-11-17'),
(119, 10, 8, 2, 10, '2015-12-17'),
(120, 52, 8, 2, 3, '2015-07-23'),
(121, 29, 10, 3, 7, '2015-01-20'),
(122, 10, 10, 2, 8, '2014-07-14'),
(123, 58, 15, 2, 10, '2014-04-15'),
(125, 13, 8, 3, 7, '2016-03-05'),
(126, 39, 13, 3, 6, '2015-11-02'),
(127, 37, 13, 2, 5, '2015-04-06'),
(128, 56, 15, 1, 7, '2015-03-08'),
(129, 43, 14, 2, 8, '2014-07-14'),
(130, 51, 8, 3, 9, '2015-07-11'),
(132, 48, 4, 3, 8, '2015-10-24'),
(133, 50, 13, 3, 9, '2015-12-27'),
(134, 23, 10, 2, 8, '2014-05-05'),
(135, 34, 11, 3, 1, '2015-05-31'),
(137, 41, 1, 2, 1, '2014-11-01'),
(138, 47, 15, 2, 4, '2014-08-19'),
(139, 42, 2, 2, 1, '2014-11-20'),
(140, 55, 14, 1, 10, '2014-06-19'),
(142, 14, 10, 1, 8, '2016-09-08'),
(143, 45, 1, 2, 5, '2014-08-15'),
(144, 5, 11, 2, 8, '2016-05-07'),
(145, 57, 5, 1, 5, '2015-01-21'),
(146, 26, 10, 3, 3, '2015-08-24'),
(148, 31, 11, 2, 3, '2016-11-25'),
(149, 43, 9, 3, 1, '2015-04-14'),
(151, 12, 11, 2, 10, '2014-05-12'),
(152, 3, 15, 2, 6, '2015-12-02'),
(153, 43, 1, 1, 7, '2015-06-16'),
(154, 37, 4, 1, 1, '2015-01-31'),
(155, 61, 9, 1, 7, '2015-06-25'),
(156, 61, 9, 3, 10, '2014-11-12'),
(157, 20, 1, 2, 3, '2014-10-02'),
(159, 41, 11, 3, 5, '2016-05-11'),
(160, 10, 2, 1, 9, '2016-09-02'),
(161, 10, 11, 3, 5, '2015-09-03'),
(163, 63, 8, 2, 8, '2015-02-25'),
(166, 54, 2, 2, 8, '2016-03-30'),
(167, 30, 11, 1, 8, '2014-06-02'),
(168, 62, 14, 1, 1, '2015-05-08'),
(169, 23, 15, 2, 4, '2016-01-14'),
(170, 17, 11, 2, 8, '2016-04-25'),
(171, 64, 8, 1, 4, '2014-04-06'),
(173, 26, 13, 3, 2, '2015-08-28'),
(174, 2, 3, 1, 3, '2014-09-27'),
(175, 24, 2, 1, 9, '2014-09-06'),
(177, 36, 5, 1, 4, '2014-03-27'),
(178, 25, 8, 3, 2, '2016-07-22'),
(179, 37, 15, 3, 2, '2014-03-18'),
(180, 44, 10, 2, 1, '2016-07-31'),
(181, 61, 3, 2, 8, '2015-05-14'),
(182, 33, 13, 2, 7, '2015-02-14'),
(183, 50, 8, 1, 7, '2015-08-04'),
(184, 52, 5, 1, 10, '2015-05-06'),
(185, 11, 15, 1, 9, '2014-02-14'),
(186, 46, 11, 2, 1, '2014-06-28'),
(187, 19, 5, 2, 7, '2015-12-08'),
(188, 4, 4, 2, 5, '2015-06-30'),
(189, 63, 2, 3, 1, '2015-01-17'),
(190, 49, 3, 1, 1, '2014-09-10'),
(193, 2, 12, 2, 2, '2014-11-06'),
(194, 51, 14, 1, 7, '2015-10-11'),
(195, 30, 3, 3, 9, '2016-04-02'),
(196, 44, 11, 3, 3, '2016-09-12'),
(197, 38, 11, 1, 4, '2015-09-30'),
(199, 63, 11, 1, 8, '2016-10-26'),
(200, 47, 2, 1, 2, '2014-11-06'),
(201, 36, 2, 3, 2, '2015-06-05'),
(202, 35, 14, 1, 6, '2014-02-03'),
(203, 59, 11, 3, 6, '2015-05-08'),
(204, 40, 4, 2, 2, '2015-02-07'),
(205, 48, 11, 2, 3, '2015-01-16'),
(206, 7, 5, 1, 8, '2014-08-04'),
(207, 12, 4, 3, 5, '2014-05-31'),
(209, 49, 2, 1, 10, '2014-10-27'),
(210, 37, 5, 3, 8, '2015-12-28'),
(211, 58, 15, 1, 2, '2014-01-26'),
(212, 2, 15, 2, 10, '2015-01-07'),
(213, 7, 3, 1, 6, '2014-02-13'),
(214, 56, 10, 1, 1, '2016-12-14'),
(215, 22, 9, 3, 3, '2015-08-03'),
(216, 5, 11, 3, 3, '2016-02-19'),
(217, 37, 11, 3, 3, '2014-12-28'),
(218, 26, 10, 3, 10, '2014-10-01'),
(219, 14, 12, 3, 7, '2014-12-25'),
(221, 46, 11, 1, 9, '2015-08-29'),
(222, 60, 4, 1, 2, '2014-01-09'),
(223, 58, 8, 3, 3, '2016-04-13'),
(224, 31, 11, 2, 3, '2014-08-18'),
(226, 52, 12, 3, 4, '2014-07-02'),
(227, 58, 8, 2, 8, '2014-10-21'),
(228, 61, 1, 2, 4, '2015-04-29'),
(229, 30, 10, 3, 2, '2015-11-12'),
(230, 4, 15, 3, 8, '2015-11-24'),
(231, 20, 8, 3, 6, '2015-11-14'),
(234, 64, 15, 2, 10, '2015-05-04'),
(235, 18, 4, 2, 1, '2016-08-26'),
(236, 12, 10, 2, 5, '2016-04-17'),
(237, 30, 11, 1, 2, '2015-03-21'),
(238, 22, 10, 3, 2, '2015-12-26'),
(239, 54, 8, 1, 4, '2015-03-03'),
(240, 57, 5, 1, 10, '2015-11-15'),
(241, 7, 2, 2, 6, '2016-09-02'),
(242, 60, 5, 3, 4, '2015-10-15'),
(244, 23, 8, 1, 3, '2015-05-21'),
(245, 62, 10, 2, 2, '2014-06-10'),
(246, 36, 10, 2, 8, '2016-06-19'),
(247, 62, 8, 1, 8, '2015-06-20'),
(249, 47, 8, 3, 1, '2015-12-09'),
(250, 33, 9, 1, 5, '2015-03-03'),
(251, 15, 2, 2, 5, '2014-03-01'),
(252, 19, 2, 1, 4, '2014-04-09'),
(253, 27, 13, 1, 7, '2015-03-02'),
(254, 60, 3, 1, 6, '2015-06-07'),
(257, 64, 11, 1, 3, '2015-07-16'),
(258, 55, 9, 2, 5, '2016-05-11'),
(259, 31, 1, 2, 7, '2015-12-04'),
(260, 14, 9, 1, 4, '2015-06-05'),
(261, 1, 1, 2, 4, '2014-10-23'),
(262, 56, 10, 3, 9, '2015-02-28'),
(263, 55, 8, 2, 4, '2014-08-14'),
(264, 50, 13, 2, 3, '2015-05-31'),
(265, 38, 4, 3, 5, '2016-01-24'),
(266, 26, 15, 3, 7, '2015-06-17'),
(267, 54, 11, 2, 4, '2016-03-27'),
(269, 19, 10, 3, 6, '2016-03-01'),
(271, 31, 4, 2, 10, '2014-03-08'),
(272, 21, 2, 1, 4, '2014-02-05'),
(273, 60, 9, 3, 1, '2015-04-06'),
(274, 19, 9, 3, 10, '2016-11-01'),
(275, 1, 9, 1, 7, '2016-01-17'),
(276, 25, 2, 1, 8, '2014-11-19'),
(277, 18, 4, 2, 9, '2015-03-03'),
(278, 64, 14, 2, 2, '2015-07-30'),
(279, 57, 12, 2, 7, '2015-11-12'),
(280, 32, 1, 2, 6, '2016-09-06'),
(281, 1, 13, 2, 3, '2014-09-18'),
(282, 21, 15, 3, 4, '2016-01-27'),
(283, 17, 10, 1, 1, '2015-09-03'),
(284, 30, 4, 2, 5, '2014-03-08'),
(285, 48, 14, 2, 7, '2015-06-01'),
(289, 53, 1, 1, 3, '2016-01-11'),
(290, 25, 13, 2, 9, '2015-04-22'),
(292, 40, 12, 1, 7, '2016-06-05'),
(293, 62, 11, 2, 4, '2016-11-12'),
(294, 58, 10, 3, 1, '2014-01-20'),
(295, 44, 5, 2, 5, '2015-03-02'),
(296, 35, 15, 1, 1, '2016-07-04'),
(297, 21, 13, 3, 8, '2014-12-06'),
(299, 8, 5, 1, 10, '2015-10-15'),
(300, 53, 3, 3, 2, '2014-03-30'),
(303, 15, 4, 1, 10, '2014-02-14'),
(304, 25, 13, 2, 7, '2015-06-07'),
(305, 2, 15, 2, 9, '2016-11-10'),
(306, 35, 10, 3, 10, '2015-11-24'),
(307, 2, 11, 1, 8, '2016-01-26'),
(308, 51, 11, 1, 4, '2016-03-02'),
(309, 29, 8, 1, 3, '2016-08-20'),
(310, 12, 2, 2, 2, '2014-07-26'),
(311, 59, 11, 2, 7, '2015-03-27'),
(312, 45, 4, 3, 4, '2015-07-23'),
(313, 60, 12, 3, 6, '2015-06-30'),
(314, 34, 14, 3, 5, '2015-11-26'),
(315, 53, 11, 1, 6, '2015-01-25'),
(316, 7, 13, 1, 1, '2015-06-21'),
(317, 15, 8, 1, 4, '2014-11-18'),
(318, 2, 12, 2, 9, '2016-10-02'),
(319, 4, 8, 3, 7, '2014-11-28'),
(320, 55, 2, 2, 3, '2015-07-28'),
(321, 23, 1, 3, 2, '2015-09-29'),
(322, 35, 11, 1, 8, '2016-08-23'),
(323, 14, 2, 1, 10, '2014-03-08'),
(324, 27, 15, 2, 5, '2016-03-12'),
(327, 14, 9, 1, 10, '2015-03-01'),
(328, 43, 2, 1, 1, '2015-10-16'),
(331, 7, 2, 1, 6, '2015-02-05'),
(333, 30, 10, 2, 7, '2015-08-18'),
(334, 5, 14, 3, 1, '2016-07-13'),
(335, 7, 14, 1, 3, '2014-07-24'),
(336, 26, 4, 1, 4, '2016-09-12'),
(337, 23, 1, 1, 7, '2014-01-12'),
(338, 58, 15, 2, 8, '2015-07-24'),
(339, 24, 12, 2, 3, '2015-05-07'),
(340, 26, 11, 3, 4, '2015-04-22'),
(341, 21, 14, 3, 7, '2014-02-21'),
(343, 2, 5, 1, 9, '2014-04-13'),
(345, 57, 5, 3, 5, '2016-05-10'),
(347, 50, 2, 2, 4, '2016-09-23'),
(348, 38, 12, 2, 8, '2016-01-24'),
(349, 60, 15, 3, 5, '2014-02-09'),
(351, 6, 15, 3, 10, '2015-09-24'),
(352, 19, 13, 2, 4, '2014-03-15'),
(353, 58, 8, 1, 6, '2015-01-22'),
(354, 27, 10, 1, 4, '2015-12-29'),
(355, 32, 10, 1, 3, '2014-01-04'),
(357, 62, 12, 3, 5, '2014-07-07'),
(358, 16, 13, 2, 2, '2015-10-31'),
(359, 62, 4, 3, 2, '2015-04-05'),
(360, 64, 11, 2, 7, '2016-08-28'),
(361, 23, 10, 2, 3, '2014-01-24'),
(362, 29, 11, 2, 4, '2015-02-05'),
(363, 58, 8, 3, 5, '2015-07-05'),
(364, 33, 2, 3, 6, '2015-07-04'),
(365, 44, 11, 3, 2, '2015-11-09'),
(366, 60, 9, 2, 9, '2015-02-28'),
(367, 38, 11, 3, 7, '2016-06-11'),
(368, 14, 2, 3, 4, '2015-03-30'),
(369, 54, 11, 2, 8, '2016-01-26'),
(370, 7, 8, 1, 1, '2014-03-20'),
(371, 64, 2, 3, 1, '2016-12-23'),
(373, 53, 10, 1, 7, '2016-05-27'),
(374, 24, 14, 3, 8, '2014-11-23'),
(375, 12, 2, 1, 6, '2016-06-19'),
(376, 42, 11, 3, 5, '2015-06-05'),
(377, 55, 1, 1, 3, '2014-09-23'),
(378, 4, 3, 1, 10, '2015-06-09'),
(379, 63, 9, 2, 8, '2015-05-04'),
(382, 5, 8, 2, 2, '2015-01-12'),
(383, 20, 10, 1, 2, '2014-01-26'),
(384, 61, 8, 1, 4, '2016-12-15'),
(385, 6, 9, 1, 8, '2016-04-26'),
(386, 14, 8, 1, 3, '2016-04-04'),
(389, 36, 3, 2, 7, '2015-03-06'),
(390, 46, 1, 1, 4, '2014-10-06'),
(392, 5, 4, 1, 7, '2014-01-05'),
(393, 49, 15, 3, 5, '2014-04-27'),
(395, 37, 14, 1, 2, '2015-05-29'),
(396, 45, 12, 2, 4, '2015-12-17'),
(397, 13, 2, 1, 10, '2015-03-17'),
(398, 10, 11, 1, 3, '2015-09-17'),
(399, 25, 13, 1, 2, '2015-07-23'),
(400, 22, 15, 2, 8, '2015-11-19'),
(401, 60, 3, 1, 8, '2015-06-28'),
(402, 41, 13, 1, 8, '2016-01-08'),
(403, 43, 4, 1, 3, '2015-12-15'),
(404, 43, 11, 2, 5, '2015-05-15'),
(405, 46, 14, 2, 6, '2014-01-18'),
(406, 32, 11, 3, 2, '2015-04-20'),
(408, 1, 13, 2, 9, '2014-09-15'),
(409, 7, 4, 3, 2, '2016-11-18'),
(410, 44, 10, 1, 2, '2015-04-03'),
(411, 5, 14, 2, 4, '2015-05-09'),
(412, 42, 9, 2, 2, '2014-03-31'),
(413, 41, 13, 2, 7, '2015-03-20'),
(418, 32, 8, 2, 1, '2016-08-04'),
(420, 42, 3, 1, 5, '2016-09-09'),
(421, 7, 15, 3, 5, '2016-01-05'),
(422, 10, 11, 2, 9, '2015-05-09'),
(423, 58, 2, 3, 3, '2016-03-16'),
(424, 18, 1, 1, 7, '2016-03-17'),
(425, 51, 10, 1, 3, '2016-10-26'),
(426, 58, 1, 2, 9, '2015-07-26'),
(427, 50, 14, 3, 6, '2015-09-05'),
(428, 39, 14, 1, 3, '2014-06-16'),
(429, 28, 15, 2, 9, '2015-03-23'),
(430, 34, 10, 1, 3, '2015-01-23'),
(431, 11, 8, 3, 9, '2015-01-02'),
(433, 34, 11, 2, 5, '2014-06-30'),
(434, 62, 2, 2, 7, '2015-11-12'),
(435, 46, 3, 3, 1, '2016-08-23'),
(436, 50, 2, 1, 10, '2016-04-10'),
(437, 22, 9, 3, 6, '2015-01-23'),
(438, 4, 14, 3, 6, '2014-08-27'),
(439, 29, 13, 1, 3, '2016-08-03'),
(440, 53, 8, 3, 7, '2016-03-06'),
(441, 60, 15, 1, 7, '2014-05-22'),
(442, 47, 14, 1, 9, '2014-03-02'),
(443, 10, 1, 2, 9, '2016-06-13'),
(444, 40, 12, 2, 4, '2014-12-22'),
(445, 13, 1, 1, 10, '2015-10-19'),
(446, 53, 14, 3, 4, '2015-03-27'),
(447, 7, 13, 2, 4, '2015-05-16'),
(448, 45, 13, 1, 8, '2014-07-19'),
(450, 26, 3, 3, 6, '2015-05-15'),
(451, 5, 13, 3, 6, '2014-12-12'),
(452, 59, 9, 1, 10, '2015-11-13'),
(453, 47, 2, 2, 4, '2014-08-15'),
(454, 27, 4, 3, 8, '2015-12-24'),
(455, 64, 8, 2, 2, '2014-08-09'),
(456, 4, 8, 1, 1, '2016-01-20'),
(458, 3, 11, 2, 1, '2016-09-21'),
(459, 29, 14, 2, 9, '2016-03-06'),
(461, 59, 1, 1, 2, '2015-02-28'),
(464, 30, 8, 1, 2, '2014-01-20'),
(465, 34, 13, 3, 4, '2015-06-07'),
(466, 45, 1, 1, 10, '2015-05-10'),
(467, 46, 1, 3, 1, '2014-03-31'),
(468, 28, 11, 3, 7, '2014-12-06'),
(469, 20, 4, 2, 1, '2015-04-09'),
(470, 29, 11, 2, 6, '2015-07-22'),
(471, 42, 11, 1, 6, '2015-05-09'),
(472, 28, 13, 2, 8, '2014-02-05'),
(473, 24, 13, 1, 4, '2015-07-30'),
(474, 8, 14, 2, 8, '2016-08-30'),
(475, 32, 15, 1, 10, '2016-01-10'),
(476, 41, 14, 1, 5, '2015-03-27'),
(477, 35, 8, 2, 4, '2014-06-24'),
(479, 19, 5, 3, 9, '2014-12-15'),
(480, 35, 2, 2, 5, '2016-04-18'),
(481, 37, 3, 3, 9, '2016-10-22'),
(482, 55, 3, 2, 6, '2014-02-26'),
(483, 1, 4, 3, 7, '2015-03-20'),
(486, 48, 13, 3, 2, '2016-09-15'),
(487, 38, 11, 2, 9, '2014-02-22'),
(488, 14, 14, 1, 7, '2015-09-26'),
(489, 10, 12, 1, 4, '2015-02-24'),
(490, 60, 13, 1, 5, '2015-02-14'),
(491, 43, 11, 3, 8, '2015-03-14'),
(492, 54, 5, 1, 4, '2015-11-07'),
(493, 64, 2, 3, 8, '2014-06-21'),
(494, 57, 4, 3, 2, '2016-11-29'),
(495, 33, 5, 2, 8, '2015-08-19'),
(497, 38, 1, 2, 9, '2015-04-12'),
(498, 57, 14, 2, 8, '2015-10-05'),
(500, 37, 4, 3, 6, '2015-01-23'),
(501, 14, 5, 1, 8, '2015-10-20'),
(502, 1, 3, 3, 2, '2015-10-10'),
(503, 33, 13, 2, 10, '2015-11-08'),
(504, 38, 12, 2, 1, '2015-02-06'),
(505, 59, 1, 3, 3, '2016-01-11'),
(506, 33, 14, 3, 6, '2016-02-28'),
(507, 20, 9, 3, 4, '2015-08-23'),
(508, 64, 4, 1, 1, '2015-01-18'),
(510, 51, 11, 2, 2, '2015-12-09'),
(511, 23, 15, 1, 1, '2014-03-28'),
(513, 50, 3, 2, 9, '2015-05-10'),
(514, 53, 11, 3, 1, '2015-09-04'),
(515, 26, 2, 2, 10, '2015-11-08'),
(516, 32, 13, 2, 6, '2014-10-20'),
(517, 41, 4, 1, 7, '2014-05-17'),
(519, 25, 15, 2, 10, '2015-07-15'),
(520, 1, 3, 2, 9, '2016-11-02'),
(521, 42, 9, 3, 6, '2015-03-30'),
(522, 50, 5, 1, 10, '2016-03-28'),
(523, 14, 10, 1, 9, '2015-12-11'),
(524, 51, 11, 2, 5, '2014-10-22'),
(526, 59, 10, 2, 6, '2015-05-04'),
(528, 20, 9, 1, 3, '2016-06-06'),
(529, 59, 1, 2, 9, '2016-02-02'),
(531, 34, 1, 2, 9, '2015-12-30'),
(532, 40, 15, 1, 6, '2015-08-12'),
(533, 24, 13, 2, 7, '2016-07-24'),
(534, 14, 5, 1, 9, '2014-03-24'),
(536, 45, 10, 2, 7, '2015-03-09'),
(538, 29, 1, 2, 10, '2016-12-09'),
(539, 28, 14, 3, 8, '2015-07-06'),
(540, 2, 9, 2, 1, '2015-03-04'),
(541, 35, 13, 2, 9, '2014-11-15'),
(542, 23, 8, 3, 8, '2014-09-30'),
(543, 6, 10, 1, 5, '2015-03-18'),
(544, 40, 3, 3, 5, '2015-11-25'),
(545, 49, 3, 3, 9, '2015-09-14'),
(546, 31, 13, 3, 8, '2015-10-15'),
(547, 64, 11, 2, 1, '2015-02-04'),
(548, 46, 13, 3, 4, '2015-06-17'),
(549, 15, 13, 1, 3, '2015-12-09'),
(550, 23, 5, 1, 10, '2015-12-21'),
(551, 32, 5, 2, 10, '2015-04-24'),
(554, 20, 2, 1, 6, '2015-12-04'),
(555, 23, 8, 1, 5, '2016-12-28'),
(556, 10, 4, 1, 7, '2015-11-04'),
(557, 48, 15, 3, 5, '2016-09-25'),
(559, 22, 1, 2, 1, '2016-02-17'),
(560, 50, 11, 1, 4, '2016-12-12'),
(562, 7, 11, 2, 2, '2015-08-13'),
(563, 18, 12, 2, 10, '2016-12-16'),
(564, 45, 11, 2, 9, '2015-09-30'),
(565, 34, 9, 1, 3, '2015-09-10'),
(566, 59, 14, 2, 4, '2014-12-04'),
(567, 16, 5, 1, 5, '2016-05-13'),
(568, 62, 11, 2, 7, '2014-09-03'),
(569, 58, 1, 3, 6, '2014-01-08'),
(570, 43, 13, 2, 8, '2015-02-28'),
(571, 2, 10, 2, 10, '2014-12-11'),
(572, 19, 1, 1, 7, '2014-01-24'),
(574, 16, 9, 1, 1, '2015-05-04'),
(575, 63, 13, 1, 2, '2014-10-18'),
(577, 50, 12, 3, 8, '2015-12-06'),
(578, 28, 5, 1, 6, '2015-06-11'),
(579, 53, 12, 2, 9, '2015-02-17'),
(580, 22, 10, 3, 3, '2016-11-03'),
(581, 60, 14, 3, 4, '2015-01-23'),
(582, 41, 13, 3, 10, '2015-10-15'),
(583, 11, 12, 3, 2, '2016-04-13'),
(584, 43, 3, 2, 3, '2014-04-02'),
(586, 3, 13, 1, 2, '2014-05-16'),
(588, 14, 4, 2, 3, '2015-09-30'),
(590, 46, 10, 1, 1, '2015-10-14'),
(591, 56, 11, 3, 10, '2015-05-09'),
(592, 44, 13, 1, 10, '2015-01-24'),
(593, 57, 15, 3, 5, '2015-02-14'),
(595, 19, 10, 1, 10, '2016-05-24'),
(596, 54, 9, 2, 6, '2015-10-17'),
(597, 36, 12, 2, 1, '2016-01-19'),
(598, 35, 14, 3, 9, '2016-12-19'),
(600, 46, 4, 1, 1, '2016-03-06'),
(601, 5, 14, 1, 1, '2016-02-13'),
(602, 14, 9, 1, 4, '2015-10-12'),
(603, 21, 10, 3, 7, '2015-11-06'),
(604, 55, 2, 3, 2, '2016-11-03'),
(605, 54, 13, 1, 10, '2016-08-17'),
(606, 55, 8, 2, 1, '2015-08-07'),
(607, 57, 11, 2, 10, '2014-04-22'),
(608, 59, 8, 1, 5, '2015-10-27'),
(609, 26, 11, 1, 3, '2015-05-16'),
(611, 59, 15, 3, 3, '2015-08-11'),
(613, 17, 15, 3, 7, '2015-05-17'),
(614, 25, 9, 3, 6, '2014-03-16'),
(616, 43, 4, 1, 10, '2015-04-14'),
(617, 42, 1, 1, 6, '2016-08-13'),
(618, 26, 1, 3, 6, '2015-01-25'),
(619, 25, 14, 3, 8, '2014-01-04'),
(621, 2, 15, 3, 10, '2015-02-24'),
(623, 45, 14, 1, 3, '2015-04-05'),
(624, 39, 11, 2, 6, '2015-02-26'),
(625, 55, 3, 1, 6, '2016-02-17'),
(627, 16, 13, 1, 5, '2016-09-23'),
(630, 20, 10, 3, 8, '2015-07-01'),
(632, 34, 9, 2, 1, '2015-07-31'),
(633, 19, 4, 3, 1, '2015-07-16'),
(634, 49, 11, 2, 5, '2015-07-28'),
(635, 25, 9, 3, 2, '2014-03-01'),
(636, 28, 8, 2, 4, '2015-04-05'),
(638, 13, 3, 2, 3, '2016-03-20'),
(639, 55, 2, 1, 1, '2015-11-25'),
(640, 48, 4, 3, 1, '2014-01-14'),
(641, 15, 9, 1, 1, '2016-02-05'),
(642, 21, 1, 2, 9, '2015-06-17'),
(644, 24, 8, 3, 7, '2016-07-15'),
(645, 58, 14, 1, 9, '2015-12-06'),
(646, 47, 15, 2, 9, '2015-04-01'),
(647, 1, 12, 2, 4, '2015-05-04'),
(648, 6, 10, 3, 10, '2016-02-11'),
(649, 5, 5, 1, 6, '2014-11-28'),
(650, 5, 12, 2, 7, '2016-10-14'),
(651, 49, 1, 3, 5, '2016-03-28'),
(652, 43, 2, 1, 1, '2016-07-17'),
(654, 2, 8, 2, 8, '2016-12-03'),
(656, 35, 10, 2, 9, '2015-10-31'),
(657, 11, 12, 3, 5, '2015-08-16'),
(658, 44, 3, 2, 3, '2014-06-24'),
(659, 24, 11, 1, 1, '2015-01-11'),
(660, 20, 5, 2, 10, '2015-08-16'),
(661, 59, 2, 1, 10, '2014-03-26'),
(662, 33, 10, 1, 7, '2015-09-01'),
(663, 33, 15, 1, 2, '2016-02-17'),
(664, 33, 2, 2, 6, '2015-12-27'),
(665, 7, 11, 2, 7, '2014-01-27'),
(666, 50, 9, 3, 6, '2015-01-21'),
(667, 45, 13, 1, 2, '2014-05-10'),
(669, 59, 3, 3, 9, '2016-03-20'),
(670, 7, 15, 3, 1, '2015-08-15'),
(672, 38, 10, 3, 3, '2015-12-24'),
(673, 37, 14, 2, 7, '2016-05-13'),
(674, 47, 15, 2, 8, '2016-12-03'),
(675, 18, 10, 2, 4, '2015-07-20'),
(676, 57, 5, 1, 8, '2016-01-03'),
(677, 35, 4, 2, 3, '2015-08-30'),
(678, 25, 9, 3, 3, '2015-06-10'),
(679, 44, 10, 2, 6, '2014-09-16'),
(680, 8, 8, 1, 10, '2015-09-14'),
(681, 47, 10, 3, 4, '2016-12-14'),
(682, 8, 3, 2, 10, '2015-07-19'),
(684, 27, 4, 2, 6, '2015-02-18'),
(685, 14, 3, 3, 1, '2015-11-05'),
(686, 18, 2, 2, 6, '2014-09-24'),
(687, 50, 1, 1, 2, '2016-10-02'),
(688, 14, 11, 3, 6, '2016-12-05'),
(689, 19, 4, 2, 5, '2015-02-23'),
(690, 31, 5, 2, 4, '2015-01-04'),
(691, 13, 10, 3, 6, '2015-06-28'),
(692, 17, 12, 3, 6, '2014-08-24'),
(693, 15, 12, 2, 3, '2016-07-16'),
(694, 41, 14, 1, 7, '2015-08-14'),
(695, 61, 5, 3, 5, '2016-09-20'),
(696, 31, 15, 1, 4, '2016-09-16'),
(697, 55, 8, 2, 1, '2015-07-28'),
(698, 47, 9, 3, 10, '2016-06-23'),
(699, 3, 11, 1, 6, '2015-11-15'),
(700, 25, 2, 3, 8, '2015-12-27'),
(701, 40, 2, 1, 4, '2016-04-14'),
(703, 57, 8, 2, 7, '2014-02-14'),
(704, 19, 3, 1, 2, '2015-04-28'),
(705, 13, 3, 3, 3, '2015-02-12'),
(706, 52, 3, 2, 4, '2014-01-25'),
(707, 3, 2, 2, 8, '2015-10-03'),
(708, 28, 11, 2, 4, '2015-06-13'),
(709, 31, 2, 1, 5, '2016-11-08'),
(710, 60, 14, 1, 2, '2015-10-13'),
(713, 41, 13, 1, 6, '2014-10-20'),
(714, 15, 11, 2, 1, '2014-07-29'),
(715, 2, 5, 3, 1, '2016-06-25'),
(717, 32, 2, 1, 9, '2014-06-06'),
(718, 11, 2, 3, 7, '2015-02-23'),
(719, 51, 9, 1, 1, '2014-10-13'),
(720, 10, 4, 3, 6, '2015-06-10'),
(721, 29, 15, 1, 5, '2015-02-19'),
(722, 42, 12, 3, 7, '2014-08-24'),
(723, 19, 15, 2, 4, '2015-11-20'),
(724, 61, 10, 3, 2, '2015-01-02'),
(725, 57, 1, 1, 10, '2016-12-23'),
(727, 49, 13, 2, 6, '2015-05-15'),
(728, 13, 8, 3, 2, '2015-03-22'),
(729, 24, 1, 2, 3, '2014-05-27'),
(730, 21, 13, 2, 9, '2015-10-17'),
(731, 6, 5, 3, 8, '2015-08-17'),
(732, 42, 3, 1, 10, '2015-09-11'),
(733, 33, 10, 1, 4, '2014-05-12'),
(734, 24, 12, 2, 9, '2014-02-19'),
(735, 5, 14, 2, 3, '2016-07-30'),
(737, 2, 12, 3, 3, '2014-06-02'),
(740, 47, 3, 2, 10, '2016-07-18'),
(741, 33, 11, 2, 8, '2015-12-10'),
(742, 19, 9, 3, 7, '2015-05-28'),
(743, 35, 1, 1, 7, '2015-03-30'),
(744, 1, 4, 3, 7, '2015-05-12'),
(746, 49, 8, 3, 5, '2015-01-09'),
(747, 21, 2, 1, 2, '2015-05-01'),
(748, 38, 5, 1, 2, '2015-08-22'),
(749, 60, 5, 3, 1, '2015-03-23'),
(750, 35, 3, 3, 2, '2016-10-14'),
(751, 8, 11, 1, 8, '2015-02-06'),
(752, 34, 12, 1, 3, '2015-08-23'),
(753, 13, 12, 1, 7, '2016-04-26'),
(754, 32, 5, 1, 10, '2014-07-06'),
(755, 46, 14, 2, 5, '2015-06-07'),
(756, 34, 12, 2, 7, '2015-12-27'),
(757, 37, 8, 1, 8, '2015-11-05'),
(758, 32, 12, 1, 9, '2014-10-27'),
(759, 43, 8, 3, 9, '2016-07-09'),
(760, 63, 12, 2, 9, '2014-09-21'),
(761, 28, 3, 1, 6, '2015-08-11'),
(762, 55, 14, 3, 8, '2015-06-17'),
(763, 11, 4, 3, 8, '2015-03-08'),
(764, 12, 5, 3, 5, '2016-03-30'),
(765, 37, 14, 2, 9, '2014-08-14'),
(766, 54, 14, 1, 1, '2016-11-18'),
(768, 64, 12, 3, 3, '2015-04-24'),
(770, 57, 5, 1, 2, '2016-01-20'),
(771, 6, 10, 2, 4, '2014-08-15'),
(772, 28, 14, 1, 8, '2016-08-26'),
(773, 12, 12, 1, 7, '2015-10-14'),
(775, 62, 9, 1, 7, '2015-04-17'),
(776, 5, 13, 2, 1, '2015-12-01'),
(777, 40, 8, 3, 4, '2015-07-14'),
(778, 22, 4, 3, 9, '2016-05-28'),
(779, 64, 12, 1, 2, '2016-11-17'),
(780, 11, 9, 3, 4, '2015-12-14'),
(781, 13, 5, 3, 5, '2015-12-22'),
(782, 47, 15, 1, 7, '2014-01-26'),
(783, 12, 5, 3, 9, '2016-09-30'),
(784, 61, 4, 2, 2, '2015-09-01'),
(785, 46, 9, 2, 8, '2015-05-04'),
(786, 16, 1, 2, 8, '2014-10-15'),
(787, 56, 2, 1, 7, '2016-01-09'),
(788, 23, 8, 1, 4, '2015-12-19'),
(789, 47, 3, 2, 3, '2016-04-17'),
(790, 47, 13, 3, 9, '2015-02-13'),
(791, 48, 4, 2, 1, '2015-07-14'),
(792, 16, 8, 1, 10, '2015-07-12'),
(793, 36, 11, 2, 4, '2014-04-02'),
(795, 15, 9, 2, 2, '2016-08-15'),
(796, 60, 10, 1, 6, '2015-05-13'),
(797, 32, 2, 2, 9, '2016-12-27'),
(799, 8, 8, 1, 5, '2016-03-02'),
(800, 30, 9, 1, 6, '2015-06-25'),
(802, 18, 14, 3, 9, '2016-05-06'),
(803, 45, 5, 2, 3, '2015-08-03'),
(804, 62, 1, 2, 2, '2015-02-01'),
(805, 31, 3, 3, 9, '2016-04-07'),
(806, 43, 13, 1, 1, '2016-10-15'),
(807, 59, 3, 1, 1, '2016-09-16'),
(808, 7, 15, 3, 8, '2016-02-06'),
(809, 4, 8, 3, 4, '2015-07-29'),
(811, 12, 4, 1, 5, '2016-09-15'),
(812, 31, 13, 1, 4, '2015-12-23'),
(814, 12, 2, 2, 5, '2016-07-16'),
(815, 55, 8, 3, 1, '2016-07-07'),
(816, 15, 4, 2, 3, '2014-01-28'),
(817, 13, 15, 3, 5, '2015-11-16'),
(818, 18, 5, 1, 10, '2014-06-07'),
(821, 14, 9, 1, 10, '2014-09-13'),
(822, 25, 14, 2, 4, '2016-10-18'),
(823, 59, 10, 3, 4, '2016-12-10'),
(824, 4, 11, 2, 2, '2016-02-21'),
(825, 62, 2, 1, 6, '2015-12-31'),
(826, 18, 10, 2, 4, '2015-01-27'),
(827, 12, 14, 2, 10, '2015-07-07'),
(828, 45, 13, 1, 8, '2015-01-06'),
(829, 26, 15, 1, 5, '2014-10-15'),
(830, 62, 10, 3, 6, '2016-02-02'),
(833, 19, 2, 1, 10, '2016-01-17'),
(835, 35, 2, 3, 2, '2016-07-18'),
(836, 17, 1, 1, 7, '2015-04-18'),
(837, 17, 10, 1, 4, '2015-09-18'),
(838, 44, 12, 2, 1, '2015-08-05'),
(839, 53, 13, 1, 10, '2015-05-30'),
(840, 32, 5, 1, 6, '2015-05-09'),
(842, 12, 15, 2, 6, '2015-11-08'),
(843, 3, 1, 2, 5, '2015-09-18'),
(845, 10, 13, 1, 1, '2016-05-17'),
(846, 4, 8, 1, 9, '2014-12-04'),
(847, 62, 9, 2, 10, '2015-08-03'),
(848, 18, 8, 2, 7, '2014-08-18'),
(849, 15, 4, 3, 2, '2016-05-12'),
(850, 5, 2, 2, 4, '2015-10-23'),
(852, 43, 2, 2, 1, '2016-03-06'),
(853, 38, 15, 1, 3, '2016-10-18'),
(854, 16, 15, 3, 9, '2015-06-17'),
(855, 41, 8, 2, 9, '2016-01-11'),
(856, 30, 14, 2, 6, '2015-02-16'),
(859, 46, 2, 2, 6, '2015-10-05'),
(860, 48, 5, 1, 9, '2016-05-15'),
(861, 19, 12, 3, 10, '2015-09-23'),
(862, 31, 8, 2, 10, '2015-09-23'),
(863, 35, 11, 3, 5, '2015-08-11'),
(864, 7, 12, 2, 10, '2015-10-25'),
(865, 24, 15, 1, 6, '2014-03-24'),
(866, 1, 1, 2, 2, '2014-11-15'),
(868, 1, 15, 3, 7, '2015-01-24'),
(869, 25, 13, 2, 8, '2016-04-29'),
(870, 54, 15, 1, 5, '2014-05-04'),
(871, 63, 9, 3, 10, '2015-05-06'),
(872, 29, 2, 2, 6, '2015-04-18'),
(873, 37, 13, 2, 3, '2015-01-16'),
(874, 43, 10, 3, 1, '2014-09-15'),
(875, 13, 15, 1, 9, '2015-08-12'),
(876, 3, 12, 3, 5, '2014-06-03'),
(877, 31, 12, 2, 8, '2015-06-30'),
(878, 24, 1, 1, 4, '2014-12-21'),
(880, 55, 11, 1, 3, '2016-09-16'),
(881, 1, 2, 3, 9, '2016-04-19'),
(882, 15, 13, 3, 1, '2014-04-19'),
(883, 1, 15, 1, 1, '2015-09-08'),
(884, 35, 3, 3, 1, '2015-06-01'),
(885, 44, 2, 1, 7, '2015-04-23'),
(886, 46, 15, 2, 1, '2015-12-01'),
(887, 59, 5, 2, 10, '2016-09-20'),
(888, 26, 15, 2, 2, '2016-02-06'),
(889, 2, 15, 1, 5, '2015-05-28'),
(890, 42, 3, 1, 2, '2014-08-30'),
(891, 45, 10, 2, 7, '2014-09-12'),
(893, 37, 12, 3, 2, '2015-01-20'),
(894, 64, 3, 2, 10, '2014-08-24'),
(895, 7, 13, 2, 1, '2015-03-14'),
(898, 22, 3, 3, 6, '2015-01-12'),
(899, 60, 9, 1, 2, '2014-07-09'),
(900, 40, 5, 3, 2, '2016-03-30'),
(901, 19, 11, 1, 4, '2015-05-24'),
(902, 15, 15, 3, 2, '2015-12-17'),
(904, 4, 9, 2, 5, '2015-06-15'),
(905, 53, 1, 2, 5, '2015-01-04'),
(906, 50, 10, 2, 10, '2015-01-31'),
(907, 8, 11, 1, 3, '2016-02-27'),
(911, 25, 8, 1, 3, '2016-10-28'),
(912, 35, 12, 2, 4, '2015-01-06'),
(913, 48, 2, 1, 1, '2014-06-25'),
(914, 30, 1, 2, 7, '2014-12-23'),
(916, 64, 8, 1, 8, '2015-10-17'),
(917, 4, 1, 2, 3, '2015-02-20'),
(918, 53, 12, 3, 6, '2015-11-28'),
(919, 53, 9, 3, 8, '2016-10-25'),
(920, 37, 4, 1, 6, '2014-06-03'),
(921, 27, 10, 3, 7, '2014-05-26'),
(922, 61, 5, 1, 5, '2015-09-01'),
(923, 39, 5, 3, 10, '2014-04-20'),
(924, 48, 10, 3, 10, '2015-03-19'),
(925, 36, 14, 3, 6, '2014-10-03'),
(926, 14, 10, 2, 4, '2014-09-27'),
(928, 28, 10, 1, 8, '2016-03-29'),
(930, 62, 10, 2, 7, '2015-01-15'),
(932, 13, 9, 1, 4, '2015-06-17'),
(933, 20, 5, 1, 8, '2015-07-04'),
(935, 22, 8, 1, 5, '2014-03-30'),
(936, 14, 2, 3, 7, '2016-12-17'),
(937, 25, 4, 3, 7, '2015-10-13'),
(939, 40, 13, 1, 7, '2015-05-09'),
(941, 30, 9, 3, 5, '2015-04-08'),
(942, 54, 11, 2, 1, '2015-07-21'),
(944, 49, 2, 3, 8, '2014-04-18'),
(946, 39, 14, 2, 6, '2015-05-16'),
(947, 26, 15, 1, 3, '2015-04-23'),
(949, 33, 13, 3, 8, '2015-08-15'),
(950, 11, 4, 1, 7, '2014-10-30'),
(951, 63, 11, 2, 9, '2015-03-16'),
(952, 34, 1, 3, 1, '2016-12-05'),
(953, 30, 4, 2, 2, '2014-08-11'),
(954, 16, 3, 1, 2, '2015-02-07'),
(955, 63, 15, 2, 8, '2016-05-28'),
(956, 15, 9, 2, 7, '2016-07-20'),
(957, 51, 9, 2, 7, '2014-10-21'),
(959, 53, 4, 2, 2, '2014-03-20'),
(960, 6, 2, 1, 2, '2016-03-23'),
(961, 35, 13, 3, 10, '2014-04-18'),
(962, 55, 15, 1, 5, '2016-11-29'),
(963, 3, 15, 1, 2, '2016-04-19'),
(965, 18, 8, 2, 7, '2015-10-13'),
(967, 38, 11, 2, 1, '2014-04-12'),
(969, 54, 1, 1, 7, '2015-05-23'),
(970, 47, 11, 1, 7, '2015-04-09'),
(972, 55, 1, 1, 9, '2014-06-12'),
(973, 60, 2, 2, 5, '2014-11-26'),
(974, 18, 1, 1, 10, '2014-03-22'),
(975, 58, 13, 1, 8, '2015-10-01'),
(976, 41, 14, 2, 9, '2015-01-22'),
(977, 14, 11, 3, 10, '2015-07-29'),
(979, 55, 5, 3, 4, '2014-10-28'),
(980, 64, 2, 2, 8, '2015-12-14'),
(981, 32, 5, 3, 7, '2014-09-19'),
(982, 59, 2, 1, 9, '2015-06-08'),
(983, 60, 13, 3, 2, '2015-01-25'),
(984, 34, 5, 1, 7, '2015-08-31'),
(985, 39, 9, 3, 6, '2015-09-29'),
(986, 10, 11, 2, 3, '2014-10-14'),
(989, 45, 5, 3, 1, '2014-05-13'),
(990, 5, 13, 3, 8, '2015-12-03'),
(991, 55, 13, 3, 2, '2015-09-12'),
(992, 34, 1, 2, 2, '2014-11-24'),
(993, 3, 9, 1, 8, '2014-01-18'),
(994, 31, 10, 1, 9, '2016-03-02'),
(995, 40, 9, 2, 1, '2014-08-26'),
(996, 58, 9, 2, 2, '2015-09-02'),
(997, 58, 1, 3, 3, '2015-02-02'),
(998, 6, 5, 1, 2, '2014-02-19'),
(999, 11, 10, 2, 4, '2016-02-17'),
(1000, 34, 12, 3, 6, '2015-12-26'),
(1001, 40, 2, 1, 2, '2014-10-02'),
(1003, 14, 9, 2, 7, '2015-04-20'),
(1004, 12, 13, 1, 8, '2016-01-05'),
(1005, 22, 2, 2, 8, '2015-05-23'),
(1007, 46, 14, 3, 5, '2015-04-25'),
(1008, 8, 2, 3, 8, '2015-04-22'),
(1009, 58, 10, 3, 2, '2015-07-10'),
(1011, 34, 10, 3, 7, '2015-06-11'),
(1013, 41, 10, 2, 8, '2015-04-02'),
(1014, 46, 5, 3, 7, '2015-07-29'),
(1015, 49, 4, 1, 6, '2016-02-14'),
(1016, 41, 8, 2, 3, '2015-07-28'),
(1017, 26, 12, 3, 6, '2016-07-03'),
(1018, 31, 3, 3, 3, '2016-02-06'),
(1019, 31, 2, 1, 4, '2014-02-15'),
(1020, 4, 15, 1, 9, '2014-10-01'),
(1021, 60, 8, 1, 10, '2014-12-27'),
(1022, 40, 15, 1, 7, '2016-10-31'),
(1024, 50, 1, 3, 1, '2014-11-24'),
(1026, 55, 4, 3, 9, '2016-07-22'),
(1027, 56, 14, 3, 2, '2016-05-06'),
(1028, 24, 9, 1, 2, '2015-04-09'),
(1029, 21, 9, 2, 6, '2015-04-03'),
(1030, 54, 9, 3, 3, '2015-03-24'),
(1031, 41, 8, 2, 2, '2015-03-26'),
(1032, 15, 8, 1, 10, '2015-04-29'),
(1033, 32, 2, 3, 4, '2016-12-01'),
(1034, 40, 5, 3, 2, '2016-03-03'),
(1037, 58, 4, 1, 10, '2016-07-30'),
(1038, 7, 9, 3, 2, '2014-05-18'),
(1039, 60, 4, 2, 4, '2016-09-02'),
(1040, 51, 12, 2, 1, '2016-03-27'),
(1041, 31, 11, 2, 1, '2015-03-29'),
(1042, 1, 4, 2, 7, '2014-08-30'),
(1043, 10, 2, 1, 2, '2016-11-06'),
(1044, 41, 11, 2, 6, '2016-06-24'),
(1045, 10, 4, 2, 10, '2014-02-08'),
(1046, 46, 1, 2, 6, '2015-11-25'),
(1050, 21, 13, 3, 7, '2016-09-08'),
(1051, 22, 5, 2, 7, '2014-09-13'),
(1052, 39, 5, 1, 6, '2016-04-28'),
(1053, 57, 4, 1, 9, '2014-11-17'),
(1054, 35, 2, 3, 8, '2015-12-30'),
(1055, 34, 1, 1, 6, '2015-05-18'),
(1056, 35, 9, 1, 2, '2015-12-01'),
(1057, 13, 2, 2, 1, '2014-03-19'),
(1058, 29, 9, 3, 8, '2014-10-14'),
(1059, 24, 5, 2, 1, '2015-11-18'),
(1060, 29, 9, 3, 5, '2015-07-15'),
(1061, 31, 1, 3, 3, '2015-04-13'),
(1062, 6, 8, 1, 2, '2015-08-09'),
(1063, 14, 1, 2, 10, '2016-05-13'),
(1064, 31, 10, 3, 5, '2015-02-09'),
(1066, 28, 1, 1, 8, '2016-08-11'),
(1067, 19, 10, 2, 9, '2015-11-24'),
(1068, 63, 2, 1, 7, '2014-02-10'),
(1069, 51, 12, 3, 8, '2014-01-21'),
(1070, 21, 3, 3, 1, '2014-08-10'),
(1071, 47, 8, 1, 9, '2014-07-06'),
(1073, 31, 14, 1, 1, '2016-04-12'),
(1075, 34, 14, 3, 8, '2014-03-01'),
(1076, 52, 4, 2, 7, '2015-04-14'),
(1077, 24, 5, 1, 8, '2015-06-20'),
(1078, 33, 5, 3, 4, '2015-08-05'),
(1080, 42, 5, 2, 3, '2015-07-31'),
(1081, 19, 13, 1, 8, '2015-01-26'),
(1082, 60, 12, 1, 9, '2016-03-11'),
(1083, 1, 12, 1, 8, '2014-02-26'),
(1085, 10, 11, 1, 6, '2015-01-28'),
(1086, 54, 12, 2, 8, '2015-08-26'),
(1087, 27, 4, 3, 8, '2015-04-03'),
(1088, 11, 13, 1, 2, '2016-06-07'),
(1090, 11, 1, 3, 3, '2014-03-24'),
(1091, 33, 5, 2, 2, '2015-10-21'),
(1092, 15, 10, 3, 7, '2014-10-03'),
(1093, 43, 14, 3, 5, '2015-08-02'),
(1095, 20, 2, 3, 9, '2016-11-19'),
(1096, 47, 10, 3, 4, '2016-05-03'),
(1098, 59, 5, 2, 10, '2015-02-17'),
(1099, 62, 4, 2, 10, '2015-08-22'),
(1100, 53, 15, 3, 2, '2015-05-24'),
(1101, 42, 15, 3, 3, '2015-05-13'),
(1102, 51, 5, 1, 8, '2016-01-22'),
(1103, 54, 4, 2, 10, '2015-11-21'),
(1104, 34, 14, 1, 7, '2016-04-06'),
(1105, 23, 10, 1, 1, '2015-10-22'),
(1106, 42, 4, 3, 1, '2016-04-13'),
(1111, 39, 2, 1, 7, '2015-01-04'),
(1112, 64, 8, 3, 1, '2015-08-13'),
(1114, 50, 5, 3, 7, '2015-12-15'),
(1115, 30, 10, 2, 9, '2015-12-02'),
(1116, 61, 9, 2, 9, '2014-12-08'),
(1117, 1, 4, 2, 5, '2014-09-03'),
(1118, 43, 15, 2, 2, '2015-06-15'),
(1119, 38, 9, 3, 4, '2014-02-06'),
(1121, 32, 8, 1, 4, '2015-11-07'),
(1122, 21, 14, 3, 10, '2015-08-21'),
(1123, 63, 2, 2, 10, '2014-12-01'),
(1124, 17, 3, 2, 9, '2015-04-22'),
(1126, 51, 8, 1, 10, '2016-09-03'),
(1129, 51, 13, 2, 1, '2015-12-12'),
(1130, 45, 2, 3, 7, '2015-09-11'),
(1132, 56, 2, 3, 8, '2014-03-20'),
(1133, 1, 2, 1, 5, '2014-03-23'),
(1136, 5, 2, 2, 3, '2016-03-29'),
(1137, 55, 2, 2, 7, '2015-10-23'),
(1138, 44, 14, 3, 3, '2014-10-24'),
(1139, 64, 9, 2, 9, '2015-06-24'),
(1140, 28, 8, 3, 4, '2014-10-11'),
(1141, 24, 9, 3, 5, '2015-03-18'),
(1142, 63, 12, 3, 9, '2015-09-20'),
(1143, 59, 4, 1, 8, '2016-01-31'),
(1145, 57, 4, 3, 8, '2015-05-22'),
(1146, 25, 4, 2, 5, '2015-10-02'),
(1147, 39, 8, 3, 7, '2015-08-13'),
(1148, 8, 14, 1, 3, '2014-06-28'),
(1149, 55, 15, 3, 5, '2015-01-26'),
(1151, 63, 10, 3, 9, '2014-04-30'),
(1152, 41, 15, 1, 6, '2015-01-25'),
(1153, 38, 4, 3, 9, '2016-08-22'),
(1154, 39, 5, 2, 2, '2015-11-20'),
(1155, 15, 10, 1, 3, '2014-07-07'),
(1156, 38, 13, 2, 7, '2015-05-17'),
(1157, 43, 8, 1, 4, '2015-12-21'),
(1158, 18, 1, 2, 4, '2015-10-24'),
(1159, 58, 1, 1, 9, '2016-09-02'),
(1160, 14, 8, 1, 6, '2014-07-02'),
(1161, 20, 1, 2, 5, '2015-09-09'),
(1162, 2, 3, 1, 3, '2016-01-25'),
(1163, 48, 13, 2, 3, '2015-11-10'),
(1164, 51, 12, 3, 3, '2015-05-11'),
(1165, 49, 15, 2, 9, '2016-09-29'),
(1166, 29, 12, 3, 9, '2014-09-03'),
(1167, 62, 2, 1, 1, '2014-09-21'),
(1168, 46, 11, 2, 1, '2014-02-05'),
(1169, 37, 5, 2, 5, '2016-04-28'),
(1170, 57, 10, 1, 8, '2016-04-04'),
(1171, 23, 1, 2, 6, '2015-11-09'),
(1172, 62, 15, 1, 2, '2015-04-10'),
(1173, 28, 3, 3, 10, '2015-05-19'),
(1174, 52, 10, 2, 2, '2015-08-07'),
(1175, 39, 9, 3, 6, '2015-06-05'),
(1178, 30, 2, 1, 2, '2014-07-03'),
(1179, 40, 4, 3, 10, '2015-04-02'),
(1180, 29, 4, 2, 2, '2015-01-24'),
(1182, 8, 3, 2, 7, '2015-07-20'),
(1183, 46, 8, 1, 7, '2015-10-07'),
(1184, 15, 2, 2, 8, '2016-07-04'),
(1185, 33, 2, 1, 2, '2015-07-18'),
(1186, 4, 10, 3, 7, '2014-09-01'),
(1187, 60, 4, 2, 6, '2015-07-29'),
(1188, 45, 1, 3, 6, '2015-09-01'),
(1190, 22, 9, 1, 6, '2014-07-29'),
(1191, 2, 10, 1, 1, '2015-06-20'),
(1193, 54, 13, 2, 8, '2015-10-27'),
(1194, 48, 10, 1, 8, '2015-07-03'),
(1195, 44, 2, 1, 1, '2016-02-27'),
(1196, 11, 9, 2, 1, '2016-01-21'),
(1197, 42, 12, 2, 4, '2014-08-27'),
(1199, 6, 11, 1, 5, '2015-02-22'),
(1200, 10, 10, 2, 2, '2016-10-27'),
(1201, 23, 9, 1, 9, '2015-08-25'),
(1202, 37, 1, 2, 9, '2016-06-26'),
(1203, 59, 3, 1, 2, '2015-05-04'),
(1204, 28, 11, 2, 6, '2014-12-15'),
(1205, 43, 5, 3, 10, '2016-01-26'),
(1206, 47, 13, 3, 10, '2015-03-07'),
(1207, 20, 8, 1, 6, '2015-06-26'),
(1208, 36, 14, 3, 1, '2015-12-29'),
(1209, 16, 3, 2, 4, '2015-08-22'),
(1210, 49, 2, 1, 9, '2014-12-26'),
(1213, 44, 2, 2, 2, '2014-07-09'),
(1214, 38, 13, 1, 3, '2015-09-29'),
(1215, 34, 10, 1, 10, '2015-11-23'),
(1216, 10, 1, 1, 1, '2015-07-11'),
(1217, 60, 13, 2, 10, '2016-10-28'),
(1218, 4, 11, 1, 3, '2016-03-20'),
(1219, 29, 2, 2, 8, '2014-01-04'),
(1220, 30, 14, 2, 9, '2016-02-24'),
(1221, 53, 14, 3, 4, '2014-01-08'),
(1222, 37, 9, 3, 7, '2015-02-20'),
(1223, 51, 11, 3, 9, '2016-02-23'),
(1224, 17, 10, 2, 4, '2014-05-08'),
(1225, 56, 5, 1, 3, '2014-09-05'),
(1226, 16, 1, 1, 8, '2015-06-29'),
(1227, 33, 10, 1, 2, '2016-09-09'),
(1228, 32, 15, 1, 5, '2015-09-20'),
(1229, 48, 9, 2, 2, '2014-07-01'),
(1231, 41, 1, 2, 6, '2015-06-25'),
(1232, 37, 5, 1, 3, '2014-12-05'),
(1234, 59, 2, 1, 8, '2016-04-13'),
(1235, 61, 13, 3, 3, '2016-06-29'),
(1238, 8, 4, 1, 6, '2015-01-15'),
(1239, 26, 14, 2, 7, '2014-10-05'),
(1240, 48, 10, 1, 2, '2015-05-05'),
(1241, 60, 11, 2, 3, '2016-01-02'),
(1242, 3, 10, 2, 7, '2015-07-29'),
(1243, 56, 4, 3, 10, '2016-08-29'),
(1244, 43, 9, 2, 3, '2016-10-04'),
(1245, 26, 13, 1, 9, '2015-09-25'),
(1246, 12, 1, 1, 6, '2016-04-27'),
(1247, 18, 9, 1, 10, '2014-01-17'),
(1248, 38, 1, 1, 10, '2015-04-14'),
(1249, 32, 1, 3, 3, '2015-05-03'),
(1250, 14, 14, 3, 8, '2014-01-13'),
(1251, 22, 4, 1, 9, '2015-11-07'),
(1252, 11, 13, 2, 6, '2014-09-24'),
(1253, 27, 13, 2, 4, '2016-03-07'),
(1254, 26, 13, 1, 2, '2014-03-04'),
(1256, 13, 4, 2, 3, '2014-07-03'),
(1257, 34, 8, 2, 5, '2016-03-25'),
(1258, 31, 11, 3, 2, '2014-06-17'),
(1259, 17, 1, 1, 9, '2015-01-15'),
(1260, 7, 3, 1, 5, '2015-08-29'),
(1262, 64, 10, 1, 3, '2015-05-02'),
(1263, 51, 5, 1, 8, '2015-12-17'),
(1264, 43, 12, 3, 5, '2014-02-26'),
(1265, 49, 3, 1, 7, '2016-07-21'),
(1266, 49, 13, 1, 8, '2015-01-16'),
(1267, 41, 14, 1, 7, '2014-08-22'),
(1268, 51, 3, 1, 4, '2016-08-16'),
(1269, 46, 2, 3, 2, '2014-04-22'),
(1270, 41, 1, 2, 6, '2016-08-07'),
(1271, 32, 9, 1, 1, '2015-01-14'),
(1273, 49, 2, 2, 8, '2015-02-09'),
(1275, 38, 4, 1, 9, '2016-05-27'),
(1277, 34, 12, 1, 4, '2015-07-03'),
(1278, 25, 12, 2, 7, '2014-10-30'),
(1280, 15, 11, 1, 7, '2014-01-12'),
(1281, 20, 4, 1, 10, '2016-09-29'),
(1282, 28, 11, 3, 5, '2015-08-07'),
(1283, 49, 3, 1, 1, '2014-07-05'),
(1284, 26, 4, 1, 6, '2015-01-10'),
(1286, 61, 10, 3, 7, '2015-07-11'),
(1287, 27, 8, 3, 9, '2016-12-28'),
(1288, 58, 10, 1, 2, '2015-10-10'),
(1289, 60, 14, 2, 5, '2015-04-27'),
(1290, 54, 11, 3, 8, '2014-06-30'),
(1291, 7, 4, 1, 2, '2016-04-10');

-- --------------------------------------------------------

--
-- Table structure for table `vinyls`
--

CREATE TABLE `vinyls` (
  `vinyls_id` int(11) NOT NULL,
  `artist_id` int(11) NOT NULL,
  `genre_id` smallint(6) NOT NULL,
  `name` varchar(100) NOT NULL,
  `year` year(4) NOT NULL,
  `label_id` smallint(6) NOT NULL,
  `length` varchar(10) NOT NULL,
  `price` double NOT NULL
) ENGINE=InnoDB DEFAULT CHARSET=utf8;

--
-- Dumping data for table `vinyls`
--

INSERT INTO `vinyls` (`vinyls_id`, `artist_id`, `genre_id`, `name`, `year`, `label_id`, `length`, `price`) VALUES
(1, 3, 38, 'With Teeth', 2005, 7, '56:05', 112),
(2, 3, 38, 'Year Zero', 2007, 7, '63:42', 180),
(3, 3, 38, 'The Fragile', 1999, 7, '103:39', 209),
(4, 1, 23, 'Blackstar', 2016, 10, '41:13', 95),
(5, 7, 38, 'Icky Thump', 2007, 13, '47:44', 27),
(6, 5, 39, 'Lazaretto', 2014, 13, '39:13', 20.99),
(7, 3, 9, 'Hesitation Marks', 2013, 8, '61:50', 27.1),
(8, 7, 39, 'Elephant', 2003, 13, '49:56', 25),
(10, 7, 39, 'Get Behind Me Satan', 2005, 13, '44:07', 29.99),
(11, 7, 39, 'White Blood Cells', 2001, 13, '40:25', 25.1),
(12, 7, 39, 'De Stijl', 2000, 13, '37:31', 35.99),
(13, 5, 3, 'Blunderbuss', 2012, 13, '41:52', 19.99),
(14, 3, 9, 'Pretty Hate Machine', 1989, 6, '48:42', 36.73),
(15, 3, 38, 'The Downward Spiral', 1994, 7, '65:02', 59.99),
(16, 3, 22, 'The Slip', 2008, 8, '43:45', 75),
(17, 14, 24, 'Abbey Road', 1969, 1, '47:23', 75.99),
(18, 14, 24, 'Yellow Submarine ', 1969, 1, '40:12', 99),
(19, 14, 24, 'Sgt. Pepper''s Lonely Hearts Club Band', 1967, 1, '39:52', 99.99),
(20, 14, 24, 'The Beatles', 1968, 1, '93:35', 59.99),
(21, 14, 24, 'Revolver', 1966, 1, '34:43', 129),
(22, 14, 24, 'Help!', 1965, 1, '34:20', 73),
(23, 14, 24, 'Let It Be', 1970, 1, '35:10', 199),
(24, 1, 24, 'The Man Who Sold the World', 1970, 11, '40:37', 179),
(25, 1, 24, 'The Next Day', 2013, 6, '53:17', 75),
(26, 1, 38, 'Heathen', 2002, 6, '52:08', 75),
(27, 1, 22, '"Heroes"', 1977, 6, '40:36', 35),
(28, 40, 24, 'Are You Experienced', 1967, 5, '40:12', 199),
(29, 40, 24, 'Electric Ladyland', 1968, 5, '75:47', 66),
(30, 11, 24, 'Appetite for Destruction', 1987, 5, '53:51', 49),
(31, 11, 24, 'Use Your Illusion I', 1991, 5, '75:56', 75),
(32, 2, 10, 'Black Celebration', 1986, 6, '41:01', 35),
(33, 2, 10, 'Violator', 1990, 14, '47:02', 75),
(34, 2, 10, 'Music for the Masses', 1987, 6, '44:04', 25),
(35, 2, 10, 'Sounds of the Universe', 2008, 6, '60:52', 36),
(36, 2, 10, 'Ultra', 1997, 5, '60:04', 69),
(37, 2, 10, 'Construction Time Again', 1983, 14, '49:35', 63),
(38, 10, 44, 'Best of Russia', 1987, 20, '105:26', 13),
(39, 28, 31, 'I Walk the Line', 1963, 6, '32:19', 75),
(40, 8, 18, 'Unknown Pleasures', 1979, 14, '39:24', 175),
(41, 8, 22, 'Closer ', 1980, 5, '4:16', 189),
(42, 37, 25, 'Led Zeppelin', 1968, 5, '44:52', 75),
(43, 37, 25, 'Led Zeppelin II', 1969, 6, '41:38', 68),
(44, 37, 25, 'Led Zeppelin III', 1970, 5, '43:04', 79),
(45, 27, 20, 'Thriller', 1982, 11, '42:19', 136),
(46, 27, 20, 'Bad', 1987, 9, '48:29', 86),
(47, 21, 36, 'Nevermind', 1991, 9, '49:09', 96),
(48, 21, 36, 'Nevermind', 1993, 9, '48:09', 63),
(49, 33, 38, 'Achtung Baby', 1991, 1, '55:27', 99),
(50, 34, 29, 'Road to Ruin ', 1978, 5, '31:02', 75),
(51, 34, 29, 'Ramones', 1976, 6, '29:04', 88),
(52, 19, 26, 'Ride the Lightning', 1984, 11, '47:23', 75),
(53, 19, 26, 'Master of Puppets', 1985, 5, '54:46', 67),
(54, 19, 26, 'Kill ''Em All', 1983, 6, '51:15', 55),
(55, 19, 26, '...And Justice for All', 1988, 11, '65:29', 76),
(56, 19, 26, 'Load ', 1996, 5, '78:59', 65),
(57, 19, 26, 'Death Magnetic', 2008, 9, '74:12', 75),
(58, 9, 7, 'Heligoland', 2010, 14, '52:31', 55),
(59, 9, 7, 'Mezzanine', 1998, 11, '63:29', 123),
(60, 33, 9, 'The Unforgettable Fire', 1984, 11, '42:38', 36),
(61, 23, 24, 'The Wall', 1979, 9, '80:54', 125),
(62, 15, 17, 'The Eminem Show', 2002, 1, '77:30', 75),
(63, 6, 23, 'Forse 1', 2013, 8, '45:32', 35),
(64, 13, 26, 'Paranoid', 1970, 11, '42:07', 56);

--
-- Indexes for dumped tables
--

--
-- Indexes for table `artists`
--
ALTER TABLE `artists`
  ADD PRIMARY KEY (`artist_id`),
  ADD UNIQUE KEY `artist_id` (`artist_id`);

--
-- Indexes for table `employee`
--
ALTER TABLE `employee`
  ADD PRIMARY KEY (`employee_id`),
  ADD KEY `position_id` (`position_id`),
  ADD KEY `shop_id` (`shop_id`);

--
-- Indexes for table `genre`
--
ALTER TABLE `genre`
  ADD PRIMARY KEY (`genre_id`);

--
-- Indexes for table `label`
--
ALTER TABLE `label`
  ADD PRIMARY KEY (`label_id`);

--
-- Indexes for table `position`
--
ALTER TABLE `position`
  ADD PRIMARY KEY (`position_id`);

--
-- Indexes for table `shops`
--
ALTER TABLE `shops`
  ADD PRIMARY KEY (`shop_id`);

--
-- Indexes for table `shops_vinyls`
--
ALTER TABLE `shops_vinyls`
  ADD PRIMARY KEY (`shops_vinyls_id`),
  ADD KEY `shop_id` (`shop_id`),
  ADD KEY `vinyl_id` (`vinyl_id`);

--
-- Indexes for table `sold_vinyls`
--
ALTER TABLE `sold_vinyls`
  ADD PRIMARY KEY (`sold_vinyl_id`),
  ADD KEY `vinyl_id` (`vinyl_id`),
  ADD KEY `employee_id` (`employee_id`),
  ADD KEY `shop_id` (`shop_id`);

--
-- Indexes for table `vinyls`
--
ALTER TABLE `vinyls`
  ADD PRIMARY KEY (`vinyls_id`),
  ADD KEY `artist_id` (`artist_id`),
  ADD KEY `genre_id` (`genre_id`),
  ADD KEY `label_id` (`label_id`),
  ADD KEY `name` (`name`);

--
-- AUTO_INCREMENT for dumped tables
--

--
-- AUTO_INCREMENT for table `artists`
--
ALTER TABLE `artists`
  MODIFY `artist_id` int(11) NOT NULL AUTO_INCREMENT, AUTO_INCREMENT=46;
--
-- AUTO_INCREMENT for table `employee`
--
ALTER TABLE `employee`
  MODIFY `employee_id` int(11) NOT NULL AUTO_INCREMENT, AUTO_INCREMENT=17;
--
-- AUTO_INCREMENT for table `genre`
--
ALTER TABLE `genre`
  MODIFY `genre_id` smallint(11) NOT NULL AUTO_INCREMENT, AUTO_INCREMENT=45;
--
-- AUTO_INCREMENT for table `label`
--
ALTER TABLE `label`
  MODIFY `label_id` smallint(11) NOT NULL AUTO_INCREMENT, AUTO_INCREMENT=22;
--
-- AUTO_INCREMENT for table `position`
--
ALTER TABLE `position`
  MODIFY `position_id` int(11) NOT NULL AUTO_INCREMENT, AUTO_INCREMENT=5;
--
-- AUTO_INCREMENT for table `shops`
--
ALTER TABLE `shops`
  MODIFY `shop_id` int(11) NOT NULL AUTO_INCREMENT, AUTO_INCREMENT=4;
--
-- AUTO_INCREMENT for table `shops_vinyls`
--
ALTER TABLE `shops_vinyls`
  MODIFY `shops_vinyls_id` int(11) NOT NULL AUTO_INCREMENT, AUTO_INCREMENT=530;
--
-- AUTO_INCREMENT for table `sold_vinyls`
--
ALTER TABLE `sold_vinyls`
  MODIFY `sold_vinyl_id` int(11) NOT NULL AUTO_INCREMENT, AUTO_INCREMENT=1292;
--
-- AUTO_INCREMENT for table `vinyls`
--
ALTER TABLE `vinyls`
  MODIFY `vinyls_id` int(11) NOT NULL AUTO_INCREMENT, AUTO_INCREMENT=66;
--
-- Constraints for dumped tables
--

--
-- Constraints for table `employee`
--
ALTER TABLE `employee`
  ADD CONSTRAINT `employee_ibfk_1` FOREIGN KEY (`shop_id`) REFERENCES `shops` (`shop_id`),
  ADD CONSTRAINT `employee_ibfk_2` FOREIGN KEY (`position_id`) REFERENCES `position` (`position_id`);

--
-- Constraints for table `shops_vinyls`
--
ALTER TABLE `shops_vinyls`
  ADD CONSTRAINT `shops_vinyls_ibfk_1` FOREIGN KEY (`shop_id`) REFERENCES `shops` (`shop_id`),
  ADD CONSTRAINT `shops_vinyls_ibfk_2` FOREIGN KEY (`vinyl_id`) REFERENCES `vinyls` (`vinyls_id`);

--
-- Constraints for table `sold_vinyls`
--
ALTER TABLE `sold_vinyls`
  ADD CONSTRAINT `sold_vinyls_ibfk_1` FOREIGN KEY (`vinyl_id`) REFERENCES `vinyls` (`vinyls_id`),
  ADD CONSTRAINT `sold_vinyls_ibfk_2` FOREIGN KEY (`employee_id`) REFERENCES `employee` (`employee_id`),
  ADD CONSTRAINT `sold_vinyls_ibfk_3` FOREIGN KEY (`shop_id`) REFERENCES `shops` (`shop_id`);

--
-- Constraints for table `vinyls`
--
ALTER TABLE `vinyls`
  ADD CONSTRAINT `vinyls_ibfk_1` FOREIGN KEY (`artist_id`) REFERENCES `artists` (`artist_id`),
  ADD CONSTRAINT `vinyls_ibfk_2` FOREIGN KEY (`genre_id`) REFERENCES `genre` (`genre_id`),
  ADD CONSTRAINT `vinyls_ibfk_3` FOREIGN KEY (`label_id`) REFERENCES `label` (`label_id`);

/*!40101 SET CHARACTER_SET_CLIENT=@OLD_CHARACTER_SET_CLIENT */;
/*!40101 SET CHARACTER_SET_RESULTS=@OLD_CHARACTER_SET_RESULTS */;
/*!40101 SET COLLATION_CONNECTION=@OLD_COLLATION_CONNECTION */;
